comment,target_by_RuBRT-tiny_no_processing,target_by_RuBRT-tiny_processing,target_by_stars
"–î–æ —Å–µ–≥–æ–¥–Ω—è –ø—Ä–∏–≤–æ–∑–∏–ª–∏ –æ—Ç–ª–∏—á–Ω—É—é. –°–µ–≥–æ–¥–Ω—è –ª–µ–∂–∞–ª–∞—è —Å–æ —Å–ª–µ–¥–∞–º–∏ –ø–æ—Ä—á–∏ –∏ –º—è–≥–∫–∞—è, –ø–∞—á–∫–∞–µ—Ç –≤—Å–µ(",1,1,0
"–Ø–±–ª–æ–∫–∏ —É–∂–µ –æ—Ç–∂–∏–≤–∞—é—Ç —Å–≤–æ–µ, —Å—Ç–∞–Ω–æ–≤—è—Å—å –º—è–≥–∫–∏–º–∏.",0,0,1
"–†–æ–∑–æ–≤—ã–π –ø–æ —Ü–≤–µ—Ç—É, –º–µ—Å—Ç–∞–º–∏ –±–∏—Ç—ã–π, —Å–æ–≤–µ—Ä—à–µ–Ω–Ω–æ –Ω–µ—Å–ª–∞–¥–∫–∏–π",0,0,0
"–û—á–µ–Ω—å –∏ –æ—á–µ–Ω—å –≤–∫—É—Å–Ω—ã–µ —Å–ª–∞–¥–∫–∏–µ —è–±–ª–æ–∫–∏! –ë–µ—Ä—É –ø–æ—Å—Ç–æ—è–Ω–Ω–æ , —Å—ä–µ–¥–∞—é—Ç—Å—è –±—ã—Å—Ç—Ä–æ. –†–∞–Ω—å—à–µ –ø–æ—á–µ–º—É —Ç–æ –±—ã–ª–∏ –æ–Ω–∏ –Ω–µ —Ç–∞–∫–∏–µ —Ö–æ—Ä–æ—à–∏–µ, –≤–æ–∑–º–æ–∂–Ω–æ —Å–º–µ–Ω–∏–ª—Å—è –ø–æ—Å—Ç–∞–≤—â–∏–∫ –∏ –ø–æ—Å–ª–µ–¥–Ω–µ–µ –≤—Ä–µ–º—è —ç—Ç–∏ —è–±–ª–æ—á–∫–∏ –ø–æ—Ç—Ä—è—Å–∞—é—â–∏–µ",1,1,1
"–°–æ–≤—Å–µ–º –Ω–µ –º–µ–¥–æ–≤–∞—è,...",0,0,1
"–ù–∞ –≤–∫—É—Å –Ω–µ –æ—á–µ–Ω—å - –ø—Ä–∏–≤–∫—É—Å –ø–ª–µ—Å–µ–Ω–∏ —Å –∑–µ–º–ª—ë–π, –Ω–µ—Ç —Å–≤–µ–∫–æ–ª—å–Ω–æ–π —Å–ª–∞–¥–æ—Å—Ç–∏ –∏ –≤–∫—É—Å–∞. –•–æ—Ç—è –≤—ã–≥–ª—è–¥–∏—Ç –æ—á–µ–Ω—å –¥–∞–∂–µ —Ö–æ—Ä–æ—à–æ, —Å–≤–µ–∂–∞—è.",0,0,0
"–°–ø–µ–ª—ã–π, –∞—Ä–æ–º–∞—Ç–Ω—ã–π",1,1,1
–û—á–µ–Ω—å —Å–ª–∞–¥–∫–∏–µ –∏ –≤ –º–µ—Ä—É —Å–æ—á–Ω—ã–µ –º–∞–Ω–¥–∞—Ä–∏–Ω—ã üçä,1,0,1
"–í–∏–Ω–æ–≥—Ä–∞–¥ —à–∏–∫–∞—Ä–Ω—ã–π, —Å–ª–∞–¥–∫–∏–π, –≤ –º–µ—Ä—É —Ç–≤–µ—Ä–¥–æ–≤–∞—Ç. –†–µ–∫–æ–º–µ–Ω–¥—É—é",1,1,1
–í–∑—è–ª–∞ –∑–µ–ª—ë–Ω—ã–π –±–∞–Ω–∞–Ω. –ö–∞–∫ –≤—Å–µ–≥–¥–∞ –≤–∫—É—Å–Ω—ã–π,1,1,1
"–í–∫—É—Å–Ω—ã–µ, –∫–æ–∂–∏—Ü–∞ –Ω–µ —Ç–æ–Ω–∫–∞—è, —Å—Ä–µ–¥–Ω–µ–π —Å–æ—á–Ω–æ—Å—Ç–∏",1,1,1
–ó–∞ —Ç–∞–∫—É—é —Ü–µ–Ω—É –æ—Ç–ª–∏—á–Ω—ã–µ –ø–æ–º–∏–¥–æ—Ä—ã üçÖ,1,1,1
–ù–µ —Å–ª–∞–¥–∫–∞—è (,0,0,0
–•–æ—Ä–æ—à–∞—è —Å–≤—ë–∫–ª–∞ –ø–æ–ø–∞–ª–∞—Å—å.,1,1,1
"–°–≤–µ–∂–∏–π, –≤–∫—É—Å–Ω—ã–π –ø–µ—Ä–µ—Ü. –ü–æ—Ä–∞–¥–æ–≤–∞–ª–∞ –ø–µ—Ä—Å–æ–Ω–∞–ª—å–Ω–∞—è —Å–∫–∏–¥–∫–∞ –Ω–∞ –Ω–µ–≥–æ",1,1,1
"–ü–æ–º–∏–¥–æ—Ä—ã –æ—Ç–≤—Ä–∞—Ç–∏—Ç–µ–ª—å–Ω—ã–µ, —Ä–µ–∂—É—Ç—Å—è –ø–æ –∑–≤—É–∫—É, –∫–∞–∫ —è–±–ª–æ–∫–æ. –í–∫—É—Å –Ω–∏–∫–∞–∫–æ–π, –±–ª–∞–≥–æ –≤–∑—è–ª–∞ —á—É—Ç—å-—á—É—Ç—å. –ï—â—ë –∏ –ø—Ä–∏–≤–µ–∑–ª–∏ –æ–¥–∏–Ω –∏–∑ —Ç—Ä—ë—Ö –ø–æ–≤—Ä–µ–∂–¥—ë–Ω–Ω—ã–π.",0,0,0
–ú–Ω–æ–≥–æ –±–∏—Ç–æ–≥–æ –∫–∞—Ä—Ç–æ—Ñ–µ–ª—è,0,0,0
–í–∫—É—Å–Ω–∞—è –¥—ã–Ω—è!,1,1,1
"–û—Ç–≤—Ä–∞—Ç–∏—Ç–µ–ª—å–Ω–∞—è –∫–∞—Ä—Ç–æ—à–∫–∞ , –≤—Å—è —Ä–∞–∑–Ω–∞—è –ø–æ —Ä–∞–∑–º–µ—Ä—É –∑–µ–ª–µ–Ω–∞—è . –ó–∞—á–µ–º –∫–ª–∞–¥–∏—Ç–µ –≤ –∑–∞–∫–∞–∑ —Ç–æ —á—Ç–æ –≤–∞—Å –Ω–µ –ø—Ä–æ—Å—è—Ç –ø—Ä–µ–¥—É–ø—Ä–µ–∂–¥–∞–µ—à—å –ø–∏—à–µ—à—å –∏ –ø–æ–ª–æ–∂–∏–ª–∏ –≥ ‚Ä¶.",0,0,0
–ö–∞–ø—É—Å—Ç–∞ –≤–Ω—É—Ç—Ä–∏ –ø—É—Å—Ç–∞—è. –ú–∞–ª–µ–Ω—å–∫–∏–π –≤—ã–≥–ª—è–¥–∏—Ç —Ç–∞–∫ –±—É–¥—Ç–æ –±—ã –æ–±—á–∏—Å—Ç–∏–ª–∏ –ª–∏—Å—Ç—å—è —Å –±–æ–ª—å—à–æ–≥–æ,0,0,0
"–ö—Ä—É–ø–Ω–æ –ø–æ—Ä–µ–∑–∞–Ω–æ, –Ω–µ–º–Ω–æ–≥–æ –∫–∏—Å–ª–∏—Ç",0,0,0
"–í–∫—É—Å–Ω—ã–µ –º–æ–ª–æ–¥—ã–µ –æ–≥—É—Ä—Ü—ã. –ü–ª–æ–¥—ã —Å–≤–µ–∂–∏–µ –∏ —Ö—Ä—É—Å—Ç—è—â–∏–µ. –ù–µ –ø–µ—Ä–µ—Ä–æ—Å–ª–∏, —Å–µ–º—è–Ω –≤–Ω—É—Ç—Ä–∏ –º–∞–ª–æ. –ù–µ –≤–æ–¥—è–Ω–∏—Å—Ç—ã–µ.",0,1,1
"–û—Ç–Ω–µ—Å–ª–∞—Å—å —Å –Ω–µ–¥–æ–≤–µ—Ä–∏–µ–º –∫ –æ—Ç–∑—ã–≤–∞–º. –ü–æ—Å—Ç–∞–≤–∏–ª–∞ –ª—é–±–∏–º—ã–º –ø—Ä–æ–¥—É–∫—Ç–æ–º, –∑–∞–∫–∞–∑–∞–ª–∞ –≤–Ω—É–∫–∞–º, –¥–µ—Ç—è–º –∏ —Å–µ–±–µ. –ö–ª—É–±–Ω–∏–∫–∞ —Å –≤–∏–¥—É –∫—Ä–∞—Å–∏–≤–∞—è –æ—Ç–±–æ—Ä–Ω–∞—è, —è–≥–æ–¥–∫–∏ –æ–¥–Ω–∞ –∫ –æ–¥–Ω–æ–π, —Å–±–æ—Ä—â–∏–∫—É —Å–ø–∞—Å–∏–±–æ –±–æ–ª—å—à–æ–µ. –ù–∞ –≤–∫—É—Å... –ê –≤–∫—É—Å–∞ –≤–æ–æ–±—â–µ –Ω–µ—Ç. –ò–ª–∏ –ø—Ä–µ—Å–Ω–∞—è, –∏–ª–∏ –∫–∏—Å–ª—è—Ç–∏–Ω–∞, –∑–∞–ø–∞—Ö–∞ –∫–ª—É–±–Ω–∏–∫–∏ –≤–æ–æ–±—â–µ –Ω–µ—Ç. –¢—Ä–æ–π–∫—É –ø–æ—Å—Ç–∞–≤–∏–ª–∞ –∑–∞ –¥–æ–±—Ä–æ—Å–æ–≤–µ—Å—Ç–Ω—É—é —Å–±–æ—Ä—É, –∞ —Ç–∞–∫ –±—ã —Ç–æ–ª—å–∫–æ 1",0,0,0
–ù–µ –ø–æ–Ω–∏–º–∞—é –æ—Ç—Ä–∏—Ü–∞—Ç–µ–ª—å–Ω—ã—Ö –æ—Ç–∑—ã–≤–æ–≤! –í—ã –∫–∞–∫ –±—É–¥—Ç–æ —Å–ø–µ—Ü–∏–∞–ª—å–Ω–æ –ø–∏—à–∏—Ç–µ –∏—Ö. –ê—Ä–±—É–∑ –æ—á–µ–Ω—å —Å–æ—á–Ω—ã–π –∏ —Å–ª–∞–¥–∫–∏–π! –í–∫—É—Å–Ω—ã–π! –ú–Ω–µ –¥–∞–∂–µ –ª–µ—Ç–æ–º –º–µ–Ω–µ–µ —Å–ª–∞–¥–∫–∏–µ –∏ –≤–∫—É—Å–Ω—ã–µ –ø–æ–ø–∞–¥–∞—é—Ç—Å—è.,1,0,1
–ù–∞–ø–æ–ª–æ–≤–∏–Ω—É –≥–Ω–∏–ª—ã–µ.,0,0,0
"–ë–µ–∑–≤–∫—É—Å–Ω–∞—è –∫–ª—É–±–Ω–∏–∫–∞, –±—Ä–∞–ª–∞ –ø–æ—á—Ç–∏ –∫–∞–∂–¥—ã–π –¥–µ–Ω—å. –í —ç—Ç–æ—Ç —Ä–∞–∑ —Å–æ–≤—Å–µ–º –ø–ª–æ—Ö–∞—è",0,1,0
"—Å–ª–∞–¥–∫–∏–π. –ø–ª–æ–¥—ã –∫—Ä—É–ø–Ω—ã–µ –∏ –æ–¥–∏–Ω–∞–∫–æ–≤–æ–≥–æ —Ä–∞–∑–º–µ—Ä–∞.
–±—Ä–∞–ª–∞ –µ—â–µ ""–æ—Ç–±–æ—Ä–Ω–æ–µ""
–æ–¥–Ω–∞ —Å—Ç—Ä–∞–Ω–∞ –ø—Ä–æ–∏–∑–≤. –ü–µ—Ä—É –Ω–æ –ø–æ –≤–∫—É—Å—É —ç—Ç–æ–º—É –≤–∏–Ω–æ–≥—Ä–∞–¥—É –ø—Ä–æ–∏–≥—Ä—ã–≤–∞–µ—Ç.",0,0,1
–°–ª–∞–¥–∫–∏–π –∏ –≤–∫—É—Å–Ω—ã–π,1,1,1
–°–ª–∞–¥–∫–∏–π –∏ –≤—Å–µ–≥–¥–∞ —Å–≤–µ–∂–∏–π,1,1,1
–í–∫—É—Å–Ω—ã–µ –±–∞–Ω–∞–Ω—ã –¥–∞–∂–µ –ø–æ —Å–∫–∏–¥–∫–µ,1,1,1
"–ü–æ–ª–æ–≤–∏–Ω–∞ —è–±–ª–æ–∫ –º—è—Ç—ã–µ, —Å –ø–æ–±–∏—Ç—ã–º–∏ –±–æ–∫–∞–º–∏:(",0,0,0
–ì—Ä—É—à–∏ –¥–µ—Ä–µ–≤—è–Ω–Ω—ã–µ –Ω–µ—Å—ä–µ–¥–æ–±–Ω—ã–µ,0,0,0
–ó–∞–ø–ª–µ—Å–Ω–µ–≤–µ–ª–∏ –Ω–∞ —Å–ª–µ–¥—É—é—â–∏–π –¥–µ–Ω—å,0,0,0
"–í–∏–Ω–æ–≥—Ä–∞–¥ –Ω–µ –∫–∏—Å–ª—ã–π, –Ω–æ –∏ –Ω–µ –æ—Å–æ–±–æ —Å–ª–∞–¥–∫–∏–π, –±–æ–ª—å—à–µ –≤—Å–µ–≥–æ –Ω–µ –ø–æ–Ω—Ä–∞–≤–∏–ª–∞—Å—å —Ç–æ–ª—Å—Ç–∞—è –∫–æ–∂–∞..",0,0,1
"–¶–µ–Ω—ã –≤–æ –í–í —Ä–∞—Å—Ç—É—Ç –±—ã—Å—Ç—Ä–µ–µ, —á–µ–º —è —É—Å–ø–µ–≤–∞—é –∑–∞–∫–∞–∑–∞—Ç—å –≤—Ç–æ—Ä–æ–π —Ä–∞–∑ –ø–æ–Ω—Ä–∞–≤–∏–≤—à–∏–π—Å—è —Ç–æ–≤–∞—Ä...",0,1,1
"–ù–µ –≤–∫—É—Å–Ω—ã–π, –≤—è–ª—ã–π, –Ω–µ —Å–ª–∞–¥–∫–∏–π, –∑—Ä—è –ø–æ—Ç—Ä–∞—á–µ–Ω–Ω—ã–µ –¥–µ–Ω—å–≥–∏ 880 —Ä—É–±.",0,0,0
–û—Ç–ª–∏—á–Ω—ã—Ö —Ç—Ä–∏ –∫–æ—Ä–Ω–µ–ø–ª–æ–¥–∞ —Å –∑–µ–ª–µ–Ω—ã–º–∏ –ª–∏—Å—Ç–æ—á–∫–∞–º–∏. –ö–∞–∫ —Ä–∞–∑ –¥–ª—è —Å–≤–µ–∫–æ–ª—å–Ω–∏–∫–∞!,1,1,1
"–•–æ—Ä–æ—à–∏–µ, –Ω–æ –æ—á–µ–Ω—å –º–µ–ª–∫–∏–µ –º–∞–Ω–¥–∞—Ä–∏–Ω—ã",1,1,1
"–Ø–±–ª–æ–∫–∏ –ø—Ä–∏—à–ª–∏ –≤–Ω–µ—à–Ω–µ —Ç–≤—ë—Ä–¥—ã–µ, –∞ –≤–Ω—É—Ç—Ä–∏ —Ä—ã—Ö–ª—ã–µ. –ü–æ–∫—É–ø–∞–ª–∞ –¥–ª—è —Å–æ–∫–∞, –Ω–µ –ø–æ–ª—É—á–∏–ª—Å—è —Å–æ–∫. –ò –µ—Å—Ç—å –∏—Ö –Ω–µ–≤–∫—É—Å–Ω–æ.",0,0,0
–°—É—Ö–∏–µ –≤–Ω—É—Ç—Ä–∏,0,0,0
"–ù–µ –ø–ª–æ—Ç–Ω—ã–π,—Å—É—Ö–æ–π,–ø–ª–æ—Ö–æ–π!((((",0,0,0
–ü–æ–Ω—Ä–∞–≤–∏–ª—Å—è,1,1,1
"–í–∫—É—Å–Ω–∞—è. –î–ª—è –∫–ª—É–±–Ω–∏–∫–∏, –∫–æ—Ç–æ—Ä—É—é –≤–µ–∑—É—Ç –≤ –ú–æ—Å–∫–≤—É, –æ—á–µ–Ω—å –¥–∞–∂–µ —Ö–æ—Ä–æ—à–∞. –°–ø–∞—Å–∏–±–æ —Ç–µ–º, –∫—Ç–æ –≤—ã—Ä–∞—Å—Ç–∏–ª –∏ —Å–æ–±—Ä–∞–ª.",1,1,1
"–°–ª–∞–¥–∫–∏–µ, —Å–æ—á–Ω—ã–µ, –≤–∫—É—Å–Ω—ã–µ!",1,1,1
"–Ω–æ—Ä–º–∞–ª—å–Ω–æ, –µ—Å—Ç—å –º–æ–∂–Ω–æ",1,1,1
"–ö–∞–∫ –ø–æ–≤–µ–∑–µ—Ç‚Ä¶ –≤ —ç—Ç–æ—Ç —Ä–∞–∑ –ø–æ–ø–∞–ª—Å—è –∂–µ—Å—Ç–∫–∏–π –∏ –Ω–µ—Å–ø–µ–ª—ã–π. –õ–µ–∂–∞–ª –Ω–µ—Å–∫–æ–ª—å–∫–æ –¥–Ω–µ–π, –Ω–æ –≤ –∏—Ç–æ–≥–µ –ø—Ä–æ—Å—Ç–æ –∏—Å–ø–æ—Ä—Ç–∏–ª—Å—è –∏ –º—è–≥—á–µ –Ω–µ —Å—Ç–∞–ª üòë",0,0,0
"–ü–æ–º–æ—Ä–æ–∂–µ–Ω–Ω—ã–µ, –ø–æ–¥ –∫–æ–∂—É—Ä–æ–π –ø–æ–≤—Ä–µ–∂–¥–µ–Ω–Ω—ã–µ",0,0,0
"–ö–ª—É–±–Ω–∏–∫–∞ —Å–≤–µ–∂–∞—è, –∏–∑ –Ω–æ–≤–æ–π –≤–∏–¥–∏–º–æ –ø–∞—Ä—Ç–∏–∏. –ë–µ–∑–≤–∫—É—Å–Ω–∞—è —Å–æ–≤–µ—Ä—à–µ–Ω–Ω–æ,–∫–∞–∫ —Ç—Ä–∞–≤–∞",0,0,0
"–ü–æ—á—Ç–∏ –Ω–µ —Å–ª–∞–¥–∫–∏–µ, –Ω–æ –º—è–≥–∫–∏–µ –∏ —Å–æ—á–Ω—ã–µ.",1,0,1
"–û—á–µ–Ω—å –∫–∏—Å–ª—ã–π, —Ä–µ–±–µ–Ω–æ–∫ –µ—Å—Ç—å –Ω–µ —Å–º–æ–≥",0,0,0
"–°—É–ø–µ—Ä –∞—Ä–±—É–∑. –ö–æ—Å—Ç–æ—á–µ–∫ –º–∞–ª–æ, –º—è–∫–æ—Ç—å —Ä–æ–∑–æ–≤–∞—è. –ù–µ —Å—É–ø–µ—Ä –ø—Ä—è–º —Å–ª–∞–¥–∫–∏–π, –Ω–æ –Ω–∞ —É—Ä–æ–≤–Ω–µ. –î–ª—è –º–∞—è –ø—Ä—è–º –æ–≥–Ω–∏—â–µ. –í–∏–¥–∏–º–æ –∫–æ–º—É-—Ç–æ –ø—Ä–æ—Å—Ç–æ –Ω–µ –≤–µ–∑—ë—Ç, —Å–∞–º–∞ –±–æ—è–ª–∞—Å—å –ø–æ–∫—É–ø–∞—Ç—å üòÅ–Ω–æ –ø–æ–¥—É–º–∞–ª–∞, —á—Ç–æ –≤ –ò—Ä–∞–Ω–µ —É–∂–µ –¥–æ–ª–∂–Ω—ã –±—ã—Ç—å —Å–ª–∞–¥–∫–∏–µ –∞—Ä–±—É–∑—ã",1,1,1
–ó–∞–±—Ä–æ–¥–∏–≤—à–∞—è :) –≤—ã–ø–∏–ª–∏ –∏ –∑–∞–∫—É—Å–∏–ª–∏ –æ–¥–Ω–æ–≤—Ä–µ–º–µ–Ω–Ω–æ,1,0,1
"–ú–µ–ª–∫–∏–µ, –∂–µ—Å—Ç–∫–æ–≤–∞—Ç—ã–µ, –Ω–æ —Å–ª–∞–¥–∫–∏–µ –∏ —Å–ø–µ–ª—ã–µ.",1,1,1
"–í–∫—É—Å–Ω–∞—è. –¢–æ–ª—å–∫–æ –Ω—É–∂–Ω–æ –Ω–µ–¥–µ–ª—é –¥–µ—Ä–∂–∞—Ç—å –Ω–∞ –ø–æ–¥–æ–∫–æ–Ω–Ω–∏–∫–µ, —á—Ç–æ–±—ã –¥–æ–∑—Ä–µ–ª–∞ –∏ —Å—Ç–∞–ª–∞ –º—è–≥–∫–æ–π –∏ –≤–∫—É—Å–Ω–æ–π.",1,1,1
"–•–æ—Ä–æ—à–∞—è —è–≥–æ–¥–∫–∞. –¢–æ–ª—å–∫–æ –æ–¥–Ω—É —à—Ç—É—á–∫—É –≤—ã–∫–∏–Ω—É–ª–∞. –ë—ã–ª–∞ –Ω–µ–º–Ω–æ–≥–æ –º—è—Ç–∞—è. –í–∫—É—Å–Ω–æ, –∫–∏—Å–ª–æ-—Å–ª–∞–¥–∫–æ. –ù–æ –º–∞–ª–æ :(",1,1,1
–ê–≤–æ–∫–∞–¥–æ –∏–¥–µ–∞–ª—å–Ω—ã–µ –ø—Ä–∏—à–ª–∏,1,1,1
"–û—Ç–ª–∏—á–Ω—ã–µ –±–∞–Ω–∞–Ω—ã, —Ü–µ–Ω–∞ —Ç–æ–∂–µ",1,1,1
"–°–≤–∞—Ä–∏–ª –µ–≥–æ –≤ –º—É–Ω–¥–∏—Ä–µ - –∫–∞–∫–æ–π —Ç–æ –≤–æ–¥—è–Ω–∏—Å—Ç—ã–π, –Ω–µ–≤–∫—É—Å–Ω—ã–π. –û—Å—Ç–∞—Ç–æ–∫ –¥—É–º–∞—é –≤–æ–æ–±—â–µ –≤—ã–∫–∏–Ω—É—Ç—å.",0,0,0
–ü—Ä–∏–≤–µ–∑–ª–∏ –≤–∫—É—Å–Ω—ã–µ –∏ —Å–≤–µ–∂–∏–µ,1,1,1
–û—á–µ–Ω—å —Å–ª–∞–¥–∫–∏–µ –∏ –≤–∫—É—Å–Ω—ã–µ!,1,1,1
–ü—Ä–∏–≤–µ–∑–ª–∏ –∑–µ–ª–µ–Ω—ã–µ –∞–±—Ä–∏–∫–æ—Å—ã.,0,0,0
–ú–µ–ª–∫–∏–µ –∏ –≤—è–ª—ã–µ. –ö —Å–æ—Ä—Ç—É –ì–∞–ª–∞ –∏–º–µ—é—Ç –æ—á–µ–Ω—å –æ—Ç–¥–∞–ª–µ–Ω–Ω–æ–µ –æ—Ç–Ω–æ—à–µ–Ω–∏–µ.,0,0,0
–ù–∞–ø–∏—Å–∞–Ω–æ - –∫—Ä—É–ø–Ω—ã–µ —è–≥–æ–¥—ã. –ü—Ä–∏–≤–µ–∑–ª–∏ –æ–±—ã—á–Ω—ã–π –≤–∏–Ω–æ–≥—Ä–∞–¥. –†–∞–Ω—å—à–µ –±—Ä–∞–ª–∏ –µ–≥–æ - –≤—Å–µ –Ω–æ—Ä–º –±—ã–ª–æ,0,0,0
–ë–µ–∑ –≤–∫—É—Å–∞ –∏ –∑–∞–ø–∞—Ö–∞( –∫–∏—Å–ª–∞—è,0,0,0
–û—Ç–ª–∏—á–Ω–∞—è,1,1,1
–í–∫—É—Å–Ω–∞—è! –ù–∞ —Å–µ–≥–æ–¥–Ω—è—à–Ω–∏–π –¥–µ–Ω—å —Å–∞–º–∞—è –ª—É—á—à–∞—è!,1,1,1
–í–∫—É—Å–Ω–æ,1,1,1
–ë–µ–∑–≤–∫—É—Å–Ω—ã–µ,1,1,0
"–í–µ—Å—å –∑–µ–ª–µ–Ω—ã–π, –Ω–∞ –≤—ã–±—Ä–æ—Å –≤—Å–µ —á—Ç–æ –ø—Ä–∏–≤–µ–∑–ª–∏",0,0,0
"–ü—Ä–æ—Å—Ç–æ —Å—É–ø–µ—Ä, —Å–ø–∞—Å–∏–±–æ üåπ",1,1,1
–õ—é–±–ª—é –∫—Ä—É–ø–Ω—ã–µ —è–±–ª–æ–∫–∏.,1,1,1
–í–∫–≤—Å–Ω—ã–µ,1,1,1
"–í–æ–æ–±—â–µ –Ω–µ–≤–∫—É—Å–Ω—ã–π. –ë—ã–ª–∏ –ø–∞—Ä—É –≥–Ω–∏–ª—ã—Ö —è–≥–æ–¥. –ò–Ω–æ–≥–¥–∞ –ø–æ–ø–∞–¥–∞–ª–∏—Å—å –∫–æ—Å—Ç–æ—á–∫–∏,–Ω–æ –≥–ª–∞–≤–Ω–∞—è –ø—Ä–µ—Ç–µ–Ω–∑–∏—è —á—Ç–æ –æ–Ω –Ω–µ—Å–ª–∞–¥–∫–∏–π",0,0,0
"–ê–ø–µ–ª—å—Å–∏–Ω—ã –Ω–µ–ø–ª–æ—Ö–∏–µ –ø–æ –≤–∫—É—Å—É,–Ω–æ –Ω–µ–º–Ω–æ–≥–æ —Å—É—Ö–æ–≤–∞—Ç—ã....–≤–∏–¥–∏–º–æ –æ—Ç –¥–æ–ª–≥–æ–≥–æ —Ö—Ä–∞–Ω–µ–Ω–∏—è...—Å–∫–æ—Ä–æ —É–∂–µ –Ω–æ–≤—ã–π –∫—Ä–æ–∂–∞–π",0,1,1
"–í–æ–¥—ã –º–Ω–æ–≥–æ, –º—è–∫–æ—Ç—å –≤–∫—É—Å–Ω–∞—è. –ü–ª–µ—Å–µ–Ω–∏ –Ω–µ—Ç(–Ω–æ, –ø–æ—á–∏—Ç–∞–≤ –æ—Ç–∑—ã–≤—ã, –ø–∏—Ç—å —á–µ—Ä–µ–∑ —Ç—Ä—É–±–æ—á–∫—É, –Ω–µ –≤–∏–¥—è —á—Ç–æ –≤–Ω—É—Ç—Ä–∏, –Ω–µ–ø—Ä–∏—è—Ç–Ω–æ. –ë—ã–ª–æ —Å—Ç—Ä–∞—à–Ω–æ —Ä–∞—Å–∫–æ–ª–æ—Ç—å –∏ —É–≤–∏–¥–µ—Ç—å –ø–ª–µ—Å–µ–Ω—å.)
–†–∞—Å–∫–∞–ª—ã–≤–∞—Ç—å —É–¥–æ–±–Ω–æ, –ø–æ–ª–æ–∂–∏–≤ –∫–æ–∫–æ—Å –≤ –ø–æ–ª–∏—ç—Ç–∏–ª–µ–Ω–æ–≤—ã–π –ø–∞–∫–µ—Ç–∏–∫ –∏ –¥–µ—Ä–∂–∞—Ç—å –∑–∞ –Ω–µ–≥–æ, —á—Ç–æ–±—ã –Ω–∏—á–µ–≥–æ –≤ –ª–∏—Ü–æ –Ω–µ –æ—Ç–ª–µ—Ç–µ–ª–æ –∏ –Ω–µ –ø–æ–ø–∞—Å—Ç—å –ø–æ —Ä—É–∫–µüòÖ –∏ –ø–∞—Ä—É —Ä–∞–∑ —Ö–æ—Ä–æ—à–µ–Ω—å–∫–æ —Å—Ç—É–∫–Ω—É—Ç—å –º–æ–ª–æ—Ç–∫–æ–º.",0,0,1
–í–æ–∑–Ω–∏–∫–∞—é—Ç —Å–æ–º–Ω–µ–Ω–∏—è –Ω–∞—Å—á—ë—Ç —Ñ–µ—Ä–º–µ—Ä—Å–∫–æ—Å—Ç–∏ —á–µ—Å–Ω–æ–∫–∞. –û—á–µ–Ω—å –ø–æ—Ö–æ–∂ –Ω–∞ –æ–±—ã—á–Ω—ã–π –∫–∏—Ç–∞–π—Å–∫–∏–π.,0,0,1
"–°–æ—á–Ω–∞—è,–ø—Ä–∏—è—Ç–Ω–∞—è, –Ω–æ –Ω–µ –æ—á–µ–Ω—å —Å–ª–∞–¥–∫–∞—è",1,0,1
–ö—Ä—É–ø–Ω–∞—è –≤–æ–¥—è–Ω–∏—Å—Ç–∞—è –Ω–∏ –∫–∞–ø–ª–∏ –Ω–µ —Å–ª–∞–¥–∫–∞—è!!!,1,0,0
–ö–∞–ø—É—Å—Ç–∞ –û–ü–¢–û–†–ì –û–û–û –ø—Ä–∏—à–ª–∞ —Å –≤–∏–¥–µ —Ä—ã—Ö–ª–æ–≥–æ –∫–æ—á–∞–Ω–∞ —Å –¥—ã—Ä–∫–æ–π –æ—Ç –Ω–æ–∂–∞. –•–æ—Ä–æ—à–æ —á—Ç–æ –¥–µ–Ω—å–≥–∏ –≤–µ—Ä–Ω—É–ª–∏,0,0,0
"–•–æ—Ä–æ—à–∞—è –∫–∞–ø—É—Å—Ç–∞, –≤—ã–±–∏—Ä–∞–ª–∞ —Å–∞–º–∞ –≤ –º–∞–≥–∞–∑–∏–Ω–µ",1,1,1
"–ù–µ —Å–ª–∞–¥–∫–∏–π, –º—è–∫–æ—Ç—å –≤—è–ª–∞—è –∏ –≤–æ–¥—è–Ω–∏—Å—Ç–∞—è. –¢–∞–∫–æ–µ –≤–ø–µ—á–∞—Ç–ª–µ–Ω–∏–µ, —á—Ç–æ –¥–æ–∑—Ä–µ–≤–∞–ª., –Ω–æ —Ç–∞–∫ –∏ –Ω–µ –¥–æ—à–µ–ª –¥–æ –∑–∞—è–≤–ª–µ–Ω–Ω–æ–π –∫–æ–Ω–¥–∏—Ü–∏–∏, –∏ —Å—Ç–∞–ª –≤—è–Ω—É—Ç—å –∏ –ø–æ—Ä—Ç–∏—Ç—å—Å—è. –í—ã–±—Ä–∞–ª–∏ –ª—é–±–∏–º—ã–º –ø—Ä–æ–¥—É–∫—Ç–æ–º –ø–æ —Å—Ç–∞—Ä–æ–π –ø–∞–º—è—Ç–∏, –Ω–æ –Ω–µ —É–≥–∞–¥–∞–ª–∏ ü§∑üèª‚Äç‚ôÄÔ∏è",0,0,0
"–ì–ê–ú–ú–ê –¢–†–ï–ô–î –æ—á–µ–Ω—å –≤–∫—É—Å–Ω–∞—è - –∫—Ä—É–ø–Ω–∞—è, –¥—É—à–∏—Å—Ç–∞—è, —Å–æ—á–Ω–∞—è, —Å–ª–∞–¥–∫–∞—è –∏ –∫—Ä—É–ø–Ω–∞—è —è–≥–æ–¥–∞, –¥–∞–∂–µ –ø–æ –∑—Ü –∏–¥–µ–∞–ª—å–Ω–∞—è",1,1,1
"–ë–µ–∑–≤–∫—É—Å–Ω–∞—è –¥—ã–Ω—è
–£–∂–∞—Å–Ω–∞—è
–î–µ–Ω—å–≥–∏ –Ω–∞ –≤–µ—Ç–µ—Ä
–ö—É–ø–∏–ª–∏ 2 —à—Ç , –æ–±–µ –≤—ã–±—Ä–æ—Å–∏–ª–∏
–û–±–µ",0,0,0
"–ë–∞–Ω–∞–Ω—ã –±—ã–ª–∏ –Ω–µ—Å–ª–∞–¥–∫–∏–µ, —Ö–æ—Ç—è –∏ –∂–µ–ª—Ç—ã–µ(",0,0,0
"–ü–æ—á–µ–º—É —Ç–æ –≤ –ø–æ—Å–ª–µ–¥–Ω–∏–π —Ä–∞–∑ –±—ã–ª–∏ –∫–∞–∫–∏–µ-—Ç–æ –º–µ–ª–∫–∏–µ –º–∞–Ω–¥–∞—Ä–∏–Ω—ã, –º–æ–∂–µ—Ç –ø–µ—Ä–µ–ø—É—Ç–∞–ª–∏ —Å–æ—Ä—Ç?",0,0,1
"–ó–∞–º–µ—á–∞—Ç–µ–ª—å–Ω—ã–µ –º–∞–Ω–¥–∞—Ä–∏–Ω—ã! –ù–∏–∫–æ–≥–¥–∞ –±—ã –Ω–µ –ø–æ–¥—É–º–∞–ª–∞, —á—Ç–æ –±—É–¥—É –∫–∏–ª–æ–≥—Ä–∞–º–º–∞–º–∏ –µ—Å—Ç—å –º–∞–Ω–¥–∞—Ä–∏–Ω—ã –≤–µ—Å–Ω–æ–π. –í –Ω–∞—á–∞–ª–µ –∞–ø—Ä–µ–ª—è –ø—Ä–∏–≤–ª–µ–∫–ª–∏ —Å–≤–æ–∏–º –≤–Ω–µ—à–Ω–∏–º –≤–∏–¥–æ–º –≤ –º–∞–≥–∞–∑–∏–Ω–µ, –Ω–æ –Ω–µ –±—ã–ª–æ –≤–æ–∑–º–æ–∂–Ω–æ—Å—Ç–∏ –∫—É–ø–∏—Ç—å —Å —Å–æ–±–æ–π, –∑–∞–∫–∞–∑–∞–ª–∏ –¥–æ—Å—Ç–∞–≤–∫–æ–π –Ω–∞ –¥–æ–º –∏ —Å —Ç–µ—Ö –ø–æ—Ä —Å—ä–µ–ª–∏ –∫–∏–ª–æ–≥—Ä–∞–º–º 7. –Ø –¥–∞–∂–µ –Ω–∏—á–µ–≥–æ –Ω–µ –ø–∏—Å–∞–ª–∞ —Å–±–æ—Ä—â–∏–∫—É (–∫–∞–∫ –ø—Ä–∏–≤—ã–∫–ª–∞ –≤ –æ—Ç–Ω–æ—à–µ–Ω–∏–∏ –¥—Ä—É–≥–∏—Ö —Ñ—Ä—É–∫—Ç–æ–≤ –∏ –æ–≤–æ—â–µ–π), –≤—Å–µ–≥–¥–∞ –ø—Ä–∏–≤–æ–∑–∏–ª–∏ –æ—Ç–ª–∏—á–Ω—ã–µ –º–∞–Ω–¥–∞—Ä–∏–Ω—ã. –°–ª–∞–¥–∫–∏–µ, –ª–µ–≥–∫–æ —á–∏—Å—Ç—è—Ç—Å—è, –¥–æ—Å—Ç–∞—Ç–æ—á–Ω–æ —Å–æ—á–Ω—ã–µ, –µ–¥–∏–Ω–∏—Ü—ã –ø–æ–ø–∞–¥–∞–ª–∏—Å—å —Å –∫–æ—Å—Ç–æ—á–∫–∞–º–∏, –Ω–æ —Ç–∞–∫–∏—Ö –ø—Ä–∞–≤–¥–∞ –º–∏–Ω–∏–º—É–º, –∑–∞ —Ä–∞–∑ –ª–µ–≥–∫–æ –±—ã–ª–æ —É–≤–ª–µ—á—å—Å—è –∏ —Å—ä–µ—Å—Ç—å —à—Ç—É–∫ 5-7 —Å—Ä–∞–∑—É.",1,1,1
–í–∫—É—Å –Ω–µ –≤—ã—Ä–∞–∂–µ–Ω–Ω—ã–π.,0,0,1
"–ü—Ä–∏–≤–µ–∑–ª–∏ –¥–æ—Å—Ç–∞–≤–∫–æ–π –Ω–µ —Ö–æ—Ä–æ—à–∏–π –ª—É–∫ , —É–∂–µ –Ω–µ–∫–æ—Ç–æ—Ä—ã–µ –ª—É–∫–æ–≤–∏—Ü—ã –Ω–∞—á–∞–ª–∏ –ø–æ—Ä—Ç–∏—Ç—å—Å—è, –ø–ª–µ—Å–µ–Ω—å, –ª—É—á—à–µ —Å–∞–º–æ–π –≤—ã–±–∏—Ä–∞—Ç—å –≤ –º–∞–≥–∞–∑–∏–Ω–µ –∫–æ–Ω–µ—á–Ω–æ, –Ω–æ –Ω–µ –≤—Å–µ–≥–¥–∞ –ø–æ–ª—É—á–∞–µ—Ç—Å—è",0,0,0
"–ü–æ–¥—Å—É–Ω—É–ª–∏ –¥—Ä—É–≥–æ–π —Å–æ—Ä—Ç —è–±–ª–æ–∫! –°–æ—Ä—Ç –ì–∞–ª–∞ –∫—Ä—É–ø–Ω—ã–µ —è–±–ª–æ–∫–∏, –∞ –º–Ω–µ –ø—Ä–∏–≤–µ–∑–ª–∏ –º–µ–ª–∫–∏–µ!",0,0,0
–ú–µ–ª–∫–∏–µ –∏ –∫–∏—Å–ª—ã–µ. –ù–µ–≤–∫—É—Å–Ω—ã–µ —Å–æ–≤–µ—Ä—à–µ–Ω–Ω–æ. –ù–µ–ø–æ–Ω—è—Ç–Ω–æ –≤–æ–æ–±—â–µ —Ç–æ—Ç –ª–∏ —Å–æ—Ä—Ç –ø—Ä–∏–≤–µ–∑–ª–∏,0,0,0
–ê–±—Å–æ–ª—é—Ç–Ω–æ –≤—Å–µ –º–∞–Ω–¥–∞—Ä–∏–Ω—ã –ø—Ä–∏–≤–µ–∑–ª–∏ –≥–Ω–∏–ª—ã–µ ! –ü—Ä–æ—Å—Ç–æ –ø–æ–∑–æ—Ä–∏—â–µ!!!!!,0,0,0
"–ë—Ä–∞–ª–∞ –ø–æ –Ω–µ–¥–µ–ª—å–Ω–æ–π —Å–∫–∏–¥–∫–µ –∏ –æ—Å—Ç–∞–ª–∞—Å—å –Ω–µ–¥–æ–≤–æ–ª—å–Ω–∞. –¢–æ–ª—Å—Ç–∞—è –∫–æ–∂—É—Ä–∞, –º—è–∫–æ—Ç—å —Ä—ã—Ö–ª–∞—è, –≤—è–ª–∞—è, –∫–∞–∫–∏–µ-—Ç–æ –¥–∞–∂–µ –∑–∞–±—Ä–æ–¥–∏–≤—à–∏–µ –ø–æ –≤–∫—É—Å—É, –æ—Ç —Å–ª–∞–¥–æ—Å—Ç–∏ –æ—Å—Ç–∞–ª–æ—Å—å –æ–¥–Ω–æ –Ω–∞–∑–≤–∞–Ω–∏–µ. –î–æ —ç—Ç–æ–≥–æ –±—Ä–∞–ª–∏ –ø–æ –ó–¶, —Ç–∞–∫–∏—Ö –ø—Ä–æ–±–ª–µ–º –Ω–µ –±—ã–ª–æ. –£—Ñ–∞",0,0,1
–í–∫—É—Å–Ω—ã–µ –¥–∞–∂–µ –ø–æ –∑—Ü,1,1,1
–í–∫—É—Å–Ω—ã–µ.,1,1,1
–î–µ—Ä–µ–≤—è–Ω–Ω—ã–µ –ø–æ–º–∏–¥–æ—Ä—ã,0,0,0
"–Ø–±–ª–æ–∫–∏ –ø—Ä–∏–µ—Ö–∞–ª–∏ –¥—Ä—É–≥–æ–≥–æ —Å–æ—Ä—Ç–∞ –ø–æ–¥ –Ω–∞–¥–ø–∏—Å—å—é –ì–∞–ª–∞. –ù–µ —Ç–∞–∫–∏–µ —Å–æ—á–Ω—ã–µ –∏ —Å–ª–∞–¥–∫–∏–µ, —Å –ª—ë–≥–∫–æ–π –≥–æ—Ä—á–∏–Ω–∫–æ–π. –î–∞–∂–µ —Ñ–æ—Ä–º–∞ –ø–ª–æ–¥–∞ –¥—Ä—É–≥–∞—è - –≤—ã—Ç—è–Ω—É—Ç–∞—è —Å –∑–∞–æ—Å—Ç—Ä—ë–Ω–Ω–æ–π –ø–æ–ø–∫–æ–π.",0,0,1
"–ë—ã–ª–∏ –∑–µ–ª—ë–Ω—ã–µ –∏ —á—ë—Ä–Ω—ã–µ, –ø–æ–º—è—Ç—ã–µ. –ü–æ –∑–µ–ª—ë–Ω–æ–º—É —Ü–µ–Ω–Ω–∏–∫—É, –ø–æ—ç—Ç–æ–º—É –Ω–µ —Å—Ç–∞–ª–∞ –≤–æ–∑–º—É—â–∞—Ç—å—Å—è, –ø—Ä–æ—Å—Ç–æ –±–æ–ª—å—à–µ –Ω–µ –±—É–¥—É –±—Ä–∞—Ç—å, –Ω–µ –æ–∂–∏–¥–∞–ª–∞ –∫–æ–Ω–µ—á–Ω–æ, —á—Ç–æ –≤–æ–æ–±—â–µ —Ç–∞–∫–æ–π –∫–æ—à–º–∞—Ä –ø—Ä–∏–≤–µ–∑—É—Ç, –≤—Å–µ –ø—Ä–∏–¥–∞–≤–ª–µ–Ω–Ω—ã–µ –∏ —á—ë—Ä–Ω—ã–µ –≤–Ω—É—Ç—Ä–∏",0,0,0
"–°–æ—á–Ω—ã–π ,—Å–ª–∞–¥–∫–∏–π üòã —Å—É–¥–æ–≤–æ–ª—å—Å—Ç–≤–∏–µ–º –ø–æ–µ–ª–∏ –∏ –¥–µ—Ç–∏ .",1,1,1
"–ê—Ä–±—É–∑ —Ö–æ—Ç—å –∏ –∫—Ä–∞—Å–Ω—ã–π, –Ω–æ –±–µ–∑–≤–∫—É—Å–Ω—ã–π.",0,0,0
–°–ª–∞–¥–∫–∏–π. –ö—Ä–∞—Å–∏–≤—ã–π,1,1,1
"–°–ª–∞–¥–∫–∞—è, –∞—Ä–æ–º–∞—Ç–Ω–∞—è, –≤–∫—É—Å–Ω–∞—è",1,1,1
"–≠—Ç–æ –Ω–µ –∫–∞–ø—É—Å—Ç–∞ –∞ –∫–æ–º–ø–æ—Å—Ç –∫–∞–∫–æ–π —Ç–æ.
–£–∂–∞—Å (( —Ä–∞–∑–æ—á–∞—Ä–æ–≤–∞–Ω–∏–µ –¥–∞–∂–µ –Ω–µ –∫–∞—Ä—É—Å—Ç–æ–π –∞ –æ—Ç–Ω–æ—à–µ–Ω–∏–µ–º –∫ –ø–æ–∫—É–ø–∞—Ç–µ–ª—é",0,0,0
–ü–µ—Ä–µ–º–æ—Ä–æ–∂–µ–Ω–Ω—ã–π,0,0,0
"–û—Ç–ª–∏—á–Ω–∞—è –∑–∞–¥—É–º–∫–∞ - —á–∏—Å—Ç–∏—Ç—å –Ω–µ –Ω–∞–¥–æ, –≤—ã—Ä–µ–∑–∞—Ç—å —Å–µ—Ä–¥—Ü–µ–≤–∏–Ω—É- –Ω–µ –Ω–∞–¥–æ, —Å–ª–∞–¥–∫–∏–π, —Å–æ—á–Ω—ã–π, —Ö–æ—Ä–æ—à–µ–≥–æ —Å–æ—Ä—Ç–∞, –º—ã —Å –º—É–∂–µ–º –ø—Ä–æ—Å—Ç–æ —É—Ä—á–∏–º –æ—Ç —Ç–∞–∫–æ–π –≤–∫—É—Å–Ω–æ—Ç—ã",1,1,1
"–ü–æ–ª–Ω–æ–µ —Å–æ–æ—Ç–≤–µ—Ç—Å—Ç–≤–∏–µ –ø—Ä–µ–¥—Å—Ç–∞–≤–ª–µ–Ω–Ω–æ–π –∫–∞—Ä—Ç–∏–Ω–∫–µ: –≤—Å–µ —è–≥–æ–¥—ã –∫—Ä—É–ø–Ω—ã–µ, –∫—Ä–∞—Å–∏–≤—ã–µ. –ù–∞ –≤–∫—É—Å –æ—Ç–º–µ–Ω–Ω—ã–µ.",1,1,1
"–Ø–±–ª–æ–∫–∏ —Ö–æ—Ç—å –∏ –∫—Ä–∞—Å–∏–≤—ã–µ, –∏ –¥–∞–∂–µ —Å–æ—á–Ω—ã–µ, –Ω–æ —Å–æ–≤–µ—Ä—à–µ–Ω–Ω–æ –±–µ–∑–≤–∫—É—Å–Ω—ã–µ.
–ù–µ–æ–∂–∏–¥–∞–Ω–Ω–æ–µ —Ä–∞–∑–æ—á–∞—Ä–æ–≤–∞–Ω–∏–µ",0,0,0
"–ì–ª–∞–¥–∫–∏–µ –æ–≥—É—Ä—Ü—ã –≤ –º–∏–Ω–∏ —Ñ–æ—Ä–º–∞—Ç–µ. –ú–∞–ª–µ–Ω—å–∫–∏–µ, —Ç–æ–Ω–∫–∏–µ, –æ—á–µ–Ω—å –º—è–≥–∫–∏–µ, –∫–∞–∫ –±—É–¥—Ç–æ –¥–∞–≤–Ω–æ –ª–µ–∂–∞–ª–∏. –ù–µ –ø–æ–Ω—Ä–∞–≤–∏–ª–∏—Å—å. –¶–µ–Ω–∞ –Ω–µ —Å–æ–æ—Ç–≤–µ—Ç—Å—Ç–≤—É–µ—Ç –∫–∞—á–µ—Å—Ç–≤—É.",0,0,0
"–ë–∞–Ω–∞–Ω—ã –ø—Ä–∏–Ω–µ—Å–ª–∏ –≤—Å–µ –ø–æ–º—è—Ç—ã–µ, –ø—Ä–∏—à–ª–æ—Å—å –≤—ã–±—Ä–æ—Å–∏—Ç—å",0,0,0
–ú–Ω–µ –ø—Ä–∏–≤–µ–∑–ª–∏ –æ—Ç–ª–∏—á–Ω—É—é.,1,1,1
"–ú–∞–Ω–¥–∞—Ä–∏–Ω—ã –∫—Ä–∞—Å–∏–≤—ã–µ, –Ω–æ –Ω–∞ –≤–∫—É—Å –≤–æ–¥—è–Ω–∏—Å—Ç—ã–µ –∏ –Ω–µ –∏–º–µ—é—Ç –≤–∫—É—Å–∞. –ù–µ —Å–µ–∑–æ–Ω, –≤–∏–¥–∏–º–æ .",0,0,0
"–ö—É–ø–∏–ª–∞ –ø–æ –∑–µ–ª–µ–Ω–æ–º—É —Ü–µ–Ω–Ω–∏–∫—É. –ë—ã–ª–∞ –ø—Ä–æ—Å—Ç–æ —à–∏–∫–∞—Ä–Ω–∞—è –∫–ª—É–±–Ω–∏–∫–∞. –ù–∏ –æ–¥–Ω–æ–π –∏—Å–ø–æ—Ä—á–µ–Ω–Ω–æ–π, —Å–ª–∞–¥–∫–∞—è, –∫—Ä—É–ø–Ω–∞—è.",0,0,1
"–ë–µ—Ä—É —á–∞—Å—Ç–æ, –º–Ω–µ –Ω—Ä–∞–≤–∏—Ç—Å—è, —á—Ç–æ –Ω–µ –ø—Ä–∏—Ç–æ—Ä–Ω–æ —Å–ª–∞–¥–∫–∏–µ",1,1,1
"–ü—Ä–∏–≤–µ–∑–ª–∏ –æ—Ç –û–û–û –§–µ—Ä–º–µ—Ä,–∫–ª—É–±–Ω–∏–∫–∞ –æ—á–µ–Ω—å –≤–∫—É—Å–Ω–∞—è,—Å–ª–∞–¥–∫–∞—è,–∞—Ä–æ–º–∞—Ç–Ω–∞—è!",1,1,1
"–ü—Ä–∏–≤–µ–∑–ª–∏ —à–∏–∫–∞—Ä–Ω—É—é –∫–ª—É–±–Ω–∏–∫—É: —Å–≤–µ–∂–∞—è, –≤–∫—É—Å–Ω–∞—è, –∞—Ä–æ–º–∞—Ç–Ω–∞—è!",1,1,1
"–ë—ã–ª–∏ —Å–ª–∞–¥–∫–∏–µ, –ø–æ–≤–∫—É—Å–Ω–µ–µ —Ç—É—Ä–µ—Ü–∫–∏—Ö",1,1,1
"–ö–∏—Å–ª—é—â–∏–π –≤–∏–Ω–æ–≥—Ä–∞–¥ ,–µ—Å—Ç—å –Ω–µ–≤–æ–∑–º–æ–∂–Ω–æ
–í –ü—Ä–∏–ª–æ–∂–µ–Ω–∏–∏ –Ω–∞–ø–∏—Å–∞–Ω–æ,—Å–ª–∞–¥–∫–∏–π...(",0,0,0
"–í –º–∞–≥–∞–∑–∏–Ω–µ –ø–∞—Ö–ª–∞ –ø—Ä–∏—è—Ç–Ω–æ, –¥–æ–º–∞ –ø–æ–ø—Ä–æ–±–æ–≤–∞–ª–∏ –ø—Ä–∏–≤–∫—É—Å –∫–∞–∫–æ–π-—Ç–æ —Ö–∏–º–æ–∑–Ω–æ–≥–æ —Ä–∞—Å—Ç–≤–æ—Ä–∞ –¥–ª—è –º—ã—Ç—å—è –ø–æ–ª–æ–≤ –∏ —Ö–∏–º–∏—á–µ—Å–∫–æ–µ –ø–æ—Å–ª–µ–≤–∫—É—Å–∏–µ.",0,0,0
"–ù–µ–∫–æ—Ç–æ—Ä—ã–µ —è–≥–æ–¥—ã, –∫–æ—Ç–æ—Ä—ã–µ –ø–æ–∫—Ä—É–ø–Ω–µ–µ –ø–µ—Ä–µ–∑—Ä–µ–≤—à–∏–µ, –≤–Ω—É—Ç—Ä–∏ –∫–æ—Ä–∏—á–Ω–µ–≤—ã–µ",0,0,0
–í–∫—É—Å–Ω—ã–µ –∏ —Å–ª–∞–¥–∫–∏–µ.,1,1,1
"–°–æ—á–Ω—ã–π –∏ —Å–ª–∞–¥–∫–∏–π, –º–Ω–µ –ø–æ–Ω—Ä–∞–≤–∏–ª—Å—è",1,1,1
–•–æ—Ä–æ—à–∏–µ,1,1,1
"–ú–µ–ª–∫–∏–µ, —è–≤–Ω–æ —Ä–∞–∑–Ω—ã—Ö —Å–æ—Ä—Ç–æ–≤, –Ω–µ –≤–∫—É—Å–Ω—ã–µ. –î–ª—è —Ñ–æ—Ç–æ –ø–æ–ª–æ–∂–∏–ª–∞ —Ä—è–¥–æ–º –∑–∞–∂–∏–≥–∞–ª–∫—É. –Ø–±–ª–æ–∫–æ —á—É—Ç—å –±–æ–ª—å—à–µ 1/2 –∑–∞–∂–∏–≥–∞–ª–∫–∏. –ö—É—Ä–∏–ª–æ –Ω–∞–≤–µ—Ä–Ω–æ –≤ –¥–µ—Ç—Å—Ç–≤–µ",0,0,0
"–°–ª–∏–≤—ã –ø—Ä–∏—à–ª–∏ –∫–∏—Å–ª—ã–µ, —Ç–≤–µ—Ä–¥—ã–µ, –Ω–æ –ø–æ–ª–µ–∂–∞–ª–∏ –ø–∞—Ä—É –¥–Ω–µ–π, —Å—Ç–∞–ª–∏ –º—è–≥—á–µ –∏ –¥–æ—Å—Ç–∞—Ç–æ—á–Ω–æ —Å–ª–∞–¥–∫–∏–µ.",0,0,1
"–ì—Ä—É—à–∏ –º—è–≥–∫–∏–µ –∏ –≤–∫—É—Å–Ω—ã–µ, –∫–æ—Å—Ç–æ—á–µ–∫ –ø—Ä–∞–∫—Ç–∏—á–µ—Å–∫–∏ –Ω–µ—Ç.",1,1,1
–û—Ç–ª–∏—á–Ω–∞—è –∫–∞–ø—É—Å—Ç–∞.,1,1,1
–í–Ω—É—Ç—Ä–∏ —Å—É—Ö–∞—è,0,0,0
"–ù–∞ —Ñ–æ—Ç–æ –∫—Ä–∞—Å–∏–≤—ã–µ —è–±–ª–æ–∫–∏, –≤ —Ä–µ–∞–ª—å–Ω–æ—Å—Ç–∏ –º–∞–ª–µ–Ω—å–∫–∏–µ —Å—É—Ö–∏–µ –∂–µ—Å—Ç–∫–∏–µ",0,0,0
–ù–µ–ø–ª–æ—Ö–∏–µ,1,1,1
"–°–ø–µ–ª—ã–µ, –Ω–æ –≤–æ–¥—è–Ω–∏—Å—Ç—ã–µ. –°–ª–∞–±—ã–π –≤–∫—É—Å",0,0,0
–ù–µ–∑—Ä–µ–ª—ã–π –Ω–µ –≤–∫—É—Å–Ω—ã–π –∞–≤–æ–∫–∞–¥–æ üëçüèª,1,1,0
"–°–ª–∞–¥–∫–∏–µ, —è—Ä–∫–∏–µ, —Å–æ—á–Ω—ã–µ, –≤–∫—É—É—É—É—Å–Ω—ã–µ",1,1,1
–ù–µ —Å–ª–∞–¥–∫–∞—è –∑–∞ —Ç–∞–∫–∏–µ –¥–µ–Ω—å–≥–∏),0,0,0
"–û—Ç–∫—Ä—ã–ª–∏ –ª–µ–≥–∫–æ –ø–æ –∏–Ω—Å—Ç—Ä—É–∫—Ü–∏–∏, –ø–æ–Ω—Ä–∞–≤–∏–ª–æ—Å—å –∫–æ–∫–æ—Å–æ–≤–æ–µ –º–æ–ª–æ–∫–æ, –≤–∫—É—Å–Ω–æ–µ, –∫–æ–∫–æ—Å–æ–≤–∞—è —Å—Ç—Ä—É–∂–∫–∞ –ø–æ–Ω—Ä–∞–≤–∏–ª–∞—Å—å, —Ö–æ—Ç—è –ø—Ä–∏—à–ª–æ—Å—å –ø—Ä–∏–ª–æ–∂–∏—Ç—å —É—Å–∏–ª–∏—è –¥–ª—è –µ–µ –¥–æ–±—ã—á–∏.",1,1,1
"–≠—Ç–æ –ø—Ä–æ—Å—Ç–æ –∫–∞–π—Ñ! –°–ª–∞–¥–∫–∞—è, —Å–æ—á–Ω–∞—è. –ö—Ä–µ–ø–∫–Ω—å–∫–∞—è. –ù—É –æ–æ–æ–æ—á–µ–Ω—å –≤–∫—É—Å–Ω–∞—è. –°–ø–∞—Å–∏–±–æ –í–í!!!",1,1,1
"–ú–Ω–µ –ø–æ–Ω—Ä–∞–≤–∏–ª–æ—Å—å, —á—Ç–æ –æ–¥–Ω–æ –±—ã–ª–æ —Å–ø–µ–ª–æ–µ, –∞ –¥—Ä—É–≥–æ–µ —Å–ª–µ–≥–∫–∞ –Ω–µ–¥–æ—Å–ø–µ–ª–æ–µ. –ü–æ–∫–∞ –¥–æ –Ω–µ–≥–æ –¥–æ—à–ª–∞ –æ—á–µ—Ä–µ–¥—å, –¥–æ—Å–ø–µ–ª–æ –∫–∞–∫ —Ä–∞–∑)",1,1,1
–û–±—ã—á–Ω–æ —Å–ª–∞–¥–∫–∏–µ –∏ —Å–æ—á–Ω—ã–µ.–¥–æ–∑—Ä–µ–≤–∞—é—Ç –æ—á–µ–Ω—å –±—ã—Å—Ç—Ä–æ,1,1,1
–û—á–µ–Ω—å –∫–∏—Å–ª—ã–π!!!,0,0,0
"–ò–∑ 2 —Ö —à—Ç—É–∫ –æ–¥–∏–Ω —á–µ—Ä–Ω—ã–π –≤–Ω—É—Ç—Ä–∏, –¥—Ä—É–≥–æ–π –∫–∞–∫ –∫–∏—Ä–ø–∏—á –∂–µ—Å—Ç–∫–∏–π!",0,0,0
"–û—á–µ–Ω—å –∂–∞–ª—å, –Ω–æ –∫–∞—á–µ—Å—Ç–≤–æ —Ç–æ–≤–∞—Ä–∞ –∏–∑–º–µ–Ω–∏–ª–æ—Å—å. –í–º–µ—Å—Ç–æ –∫—Ä—É–ø–Ω—ã—Ö —Å —Ç–æ–ª—Å—Ç–æ–π –∫–æ–∂—É—Ä–æ–π —Å–ª–∞–¥–∫–∏—Ö –º–∞–Ω–¥–∞—Ä–∏–Ω –≤ –∑–∞–∫–∞–∑–µ –º–µ–ª–∫–∏–µ –∫–∏—Å–ª—ã–µ –º–∞–Ω–¥–∞—Ä–∏–Ω—ã. –ß—Ç–æ —ç—Ç–æ? –ü–µ—Ä–µ—Å–æ—Ä—Ç–∏—Ü–∞? –ù–∞ —Ñ–æ—Ç–æ–≥—Ä–∞—Ñ–∏–∏ –≤–∏–¥–Ω—ã –≤–∞—Ä–∏–∞–Ω—Ç—ã ""–¥–æ"" –∏ ""–ø–æ—Å–ª–µ"" - –∫—Ä—É–ø–Ω—ã–µ –∏ –º–µ–ª–∫–∏–µ —Å –±–ª–µ—Å—Ç—è—â–µ–π –∫–æ–∂–∏—Ü–µ–π. –ù—É, –∏ –ø—Ä–∏ –ø–æ–∫—É–ø–∫–µ 1 –∫–≥ –æ–±—è–∑–∞—Ç–µ–ª—å–Ω–æ –ø–æ—è–≤–ª—è–µ—Ç—Å—è –æ–¥–∏–Ω –º–∞–Ω–¥–∞—Ä–∏–Ω —Å –ø–ª–µ—Å–µ–Ω—å—é.",0,0,0
"–Ω–µ –≤–∫—É—Å–Ω—ã–π, –Ω–µ —Å–ª–∞–¥–∫–∏–π, –Ω–µ —Ö—Ä—É—Å—Ç–∏—Ç",0,0,0
"–í–∫—É—Å–Ω—ã–π –≤–∏–Ω–æ–≥—Ä–∞–¥ –Ω–µ —Å–∏–ª—å–Ω–æ —Å–ª–∞–¥–∫–∏–π, —É–ø—Ä—É–≥–∏–π, –±–æ–ª—å—à–æ–π —Ä–µ–∫–æ–º–µ–Ω–¥—É—é",1,1,1
"–î–æ—Ä–æ–∂–µ –∏ –º–µ–Ω–µ–µ –≤–∫—É—Å–Ω–æ, —á–µ–º –∫–ª–∞—Å—Å–∏—á–µ—Å–∫–∏–π –∫–∏–≤–∏.",1,1,1
–ö–∏—Å–ª—è—Ç–∏–Ω–∞,0,0,0
–ö–∏—Å–ª—ã–π 16.03.25,0,0,0
"–í–∫—É—Å–Ω—ã–µ, –∫—Ä—É–ø–Ω—ã–µ , —Å–ª–∞–¥–∫–∏–µ —è–≥–æ–¥—ã",1,1,1
–ö—É–ø–∏–ª–∞ –∂–µ–ª—Ç–µ–Ω—å–∫—É—é –≥—Ä—É—à—É –í–∏–ª—å—è–º—Å . –û—á–µ–Ω—å —Å–ª–∞–¥–∫–∞—è –∏ –æ—á–µ–Ω—å —Å–æ—á–Ω–∞—è !,1,0,1
"–°–ª–∞–¥–∫–∞—è, —Ö—Ä—É—Å—Ç—è—â–∞—è - –≥—Ä—É—à–∞ –Ω–∞—Å—Ç–æ—è—â–∞—è!",1,1,1
"–ú–∞–ª–µ–Ω—å–∫–∏–µ, –Ω–æ —Å–ª–∞–¥–∫–∏–µ. –î–æ–≤–æ–ª—å–Ω–æ —Ç–≤—ë—Ä–¥—ã–µ. –ü–æ —Ç–µ–∫—Å—Ç—É—Ä–µ –∫–∞–∫ —è–±–ª–æ–∫–æ. –•–æ—Ç–µ–ª–æ—Å—å –±—ã –ø–æ—Å–ø–µ–ª–µ–µ",1,0,1
"–í–Ω—É—Ç—Ä–∏ —á—ë—Ä–Ω—ã–µ –¥—ã—Ä—ã, –≤–∏–¥–Ω–æ, —á—Ç–æ –ø–æ—Ä—Ç–∏—Ç—Å—è",0,0,0
–ö–∏—Å–ª—ã–π,0,0,0
"–ü—Ä–∏–≤–µ–∑–ª–∏ –ª—É–∫, –∞–±—Å–æ–ª—é—Ç–Ω–æ –≥–æ–ª—ã–π, –∞ –≤–µ–¥—å –ü–∞—Å—Ö–∞ —É–∂–µ –ø—Ä–æ—à–ª–∞, —á—Ç–æ–±—ã —à–µ–ª—É—Ö—É —Å–Ω–∏–º–∞—Ç—å –¥–ª—è –æ–∫—Ä–∞—à–∏–≤–∞–Ω–∏—è —è–∏—Ü!",0,0,0
"–î–≤–µ –∑–≤–µ–∑–¥—ã –∑–∞ –¥–≤–∞ –±–æ–ª–µ–µ –º–µ–Ω–µ–µ –º—è–≥–∫–∏—Ö –∞–±—Ä–∏–∫–æ—Å–∞
–ù–µ–¥–æ–∑—Ä–µ–ª—ã–µ",0,1,0
"–ö–æ—á–µ—Ä—ã–∂–∫–∞ –∏ —Å–≤–µ—Ä—Ö—É 2 –∂—ë—Å—Ç–∫–∏—Ö —Ç–æ–ª—Å—Ç—ã—Ö –ª–∏—Å—Ç–∞, –∫–æ—Ç–æ—Ä—ã–µ –Ω–µ —Ä–µ–∂—É—Ç—Å—è - –≤–æ—Ç –∏ –≤—Å—è –∫–∞–ø—É—Å—Ç–∞",0,0,0
"–í–∫—É—Å –ª–µ—Ç–∞, –ø—Ä–∞–≤–¥–∞ –±—ã—Å—Ç—Ä–æ –ø–æ—Ä—Ç–∏—Ç—Å—è.",1,1,1
–°–ª–∞–¥–∫–∏–µ –∞–±—Ä–∏–∫–æ—Å—ã! –û—á–µ–Ω—å –≤–∫—É—Å–Ω—ã–µ!,1,1,1
"–ë—Ä–∞–ª–∞ –ø–æ –∑—Ü. –°–æ—Ö—Ä–∞–Ω–Ω–æ—Å—Ç—å –Ω–æ—Ä–º, –≤–∫—É—Å –Ω–∏ –∫–∞–∫–æ–π.",1,1,0
"–º—è–≥–∫–∞—è, —Å–æ—á–Ω–∞—è, –Ω–µ–ø–ª–æ—Ö–∞—è –¥–ª—è —ç—Ç–æ–≥–æ –≤—Ä–µ–º–µ–Ω–∏ –≥–æ–¥–∞. –Ω–æ –º–Ω–µ –ø–æ–ø–∞–ª–∞—Å—å –Ω–µ –æ—á–µ–Ω—å —Å–ª–∞–¥–∫–∞—è )",1,1,1
–°–ª–∞–¥–∫–∏–µ!,1,1,1
"–ö–ª—É–±–Ω–∏–∫–∞ —Å—Ç–∞–ª–∞ –∫–∏—Å–ª–µ–µ, —á–µ–º –≤ –ø—Ä–µ–¥—ã–¥—É—â–µ–π –ø–∞—Ä—Ç–∏–∏, —Ç–æ–ª—å–∫–æ –Ω–∞ –∫–æ–º–ø–æ—Ç –∏–ª–∏ —Å–º—É–∑–∏",0,0,0
"–ù–∞ —Ü–µ–Ω–Ω–∏–∫–µ –Ω–∞–ø–∏—Å–∞–Ω–æ, —á—Ç–æ —Ç–≤—ë—Ä–¥—ã–µ –∏ —Å–æ—á–Ω—ã–µ, –∞ –Ω–∞ —Å–∞–º–æ–º –¥–µ–ª–µ –º—è–≥–∫–∏–µ, —Ç–∏–ø–∞ –≤–∞—Ç–Ω—ã–µ. –ù–∞–ø–æ–º–∏–Ω–∞—é—Ç –ø–æ–ª—å—Å–∫–∏–µ —è–±–ª–æ–∫–∏ , –∫–æ—Ç–æ—Ä—ã–µ –Ω–∞–≤–æ–¥–Ω—è–ª–∏ –Ω–∞—à–∏ –º–∞–≥–∞–∑–∏–Ω—ã –¥–æ –ø—Ä–µ–∑–∏–¥–µ–Ω—Ç–∞ –û–±–∞–º—ã, –∫–æ—Ç–æ—Ä–æ–º—É —è –±–µ—Å–∫–æ–Ω–µ—á–Ω–æ –±–ª–∞–≥–æ–¥–∞—Ä–µ–Ω, —á—Ç–æ –∏–∑–±–∞–≤–∏–ª –Ω–∞—Å –æ—Ç –ø–æ–ª—å—Å–∫–∏—Ö —è–±–ª–æ–∫. –ê —Å–µ–π—á–∞—Å –≤–æ—Ç –æ–ø—è—Ç—å –ø–æ—è–≤–∏–ª–∏—Å—å.",0,0,0
"–ë–µ–∑–≤–∫—É—Å–Ω–∞—è, —Ç—Ä–∞–≤–∞ —Ç—Ä–∞–≤–æ–π, —Ö–æ—Ç—è —Å –≤–∏–¥—É –∫—Ä–∞—Å–∏–≤–∞—è. –ë—É–¥—É –æ—Ñ–æ—Ä–º–ª—è—Ç—å –≤–æ–∑–≤—Ä–∞—Ç",1,0,0
"–û—á–µ–Ω—å –≤–∫—É—Å–Ω—ã–π –Ω–∞–∏—Å–ª–∞–¥—á–∞–π—à–∏–π –≤–∏–Ω–æ–≥—Ä–∞–¥, –ø–ª–æ—Ç–Ω—ã–π, –±–µ–∑ –∫–æ—Å—Ç–æ—á–µ–∫.",1,1,1
"–ù—É —á—Ç–æ —Ç–∞–∫–æ–µ.. –º—ã –Ω–µ–¥–µ–ª–∏ 2 –æ–±—ä–µ–¥–∞–ª–∏—Å—å —ç—Ç–æ–π –∫–ª—É–±–Ω–∏–∫–æ–π, –æ–Ω–∞ –±—ã–ª–∞ –≤–æ–ª—à–µ–±–Ω–∞—è. –ó–∞–∫–∞–∑–∞–ª–∏ —Å–µ–≥–æ–¥–Ω—è 2 –∫–≥ - —É–∂–∞—Å —É–∂–∞—Å–Ω—ã–π. –ö–∏—Å–ª–∞—è, –≤–æ–¥—è–Ω–∏—Å—Ç–∞—è - —ç—Ç–æ —Å–æ–≤—Å–µ–º –Ω–µ —Ç–æ, —á—Ç–æ –±—ã–ª–æ —Ä–∞–Ω–µ–µ( –∫—É–¥–∞ —Ç–µ–ø–µ—Ä—å –¥–µ–≤–∞—Ç—å –µ–µ..",0,0,0
"–í –ø–æ—Å–ª–µ–¥–Ω–µ–µ –≤—Ä–µ–º—è —Ä–µ–¥–∫–æ —Å—Ç–∞–ª–∏ –ø—Ä–∏–≤–æ–∑–∏—Ç—å —Ö–æ—Ä–æ—à–∏–µ –±–∞–Ω–∞–Ω—ã. –ü—Ä–æ–¥–æ–ª–∂–∏–ª–∞ –ø–æ–∫—É–ø–∞—Ç—å –∑–µ–ª–µ–Ω—ã–µ , —Ç–∞–∫ –∏ –æ–Ω–∏ —Å—Ä–µ–¥–Ω–µ–≥–æ –∫–∞—á–µ—Å—Ç–≤–∞ , –∞ –æ –≤–∫—É—Å–µ –∏ —Ä–µ—á–∏ –Ω–µ—Ç .",0,0,1
"–í–∫—É—Å–Ω—ã–π –∏ —Å–ª–∞–¥–∫–∏–π –∞—Ä–±—É–∑, –º–∞–ª–æ –∫–æ—Å—Ç–æ—á–µ–∫",1,1,1
"–ë—Ä–∞–ª–∞ –¥–æ —ç—Ç–æ–≥–æ —Ä–∞–∑–∞, —Å–ª–∞–¥–∫–∞—è —Å–ª–∏–≤–∞ –±—ã–ª–∞. –°–µ–π—á–∞—Å –∂–µ—Å—Ç–∫–∞—è, –Ω–µ —É–≥—Ä—ã–∑—Ç—å –∏ –∫–∏—Å–ª–∞—è ! –ù–∞–¥—É–≤–∞—Ç–µ–ª—å—Å—Ç–≤—Ä",0,0,0
"–ò–∑ —Ç—Ä—ë—Ö –¥–≤–∞ –∏—Å–ø–æ—Ä—á–µ–Ω—ã,–ø—Ä–æ–∫–∏—Å–ª–∏",0,0,0
–ë–∞–Ω–∞–Ω—ã –∫–∞—á–µ—Å—Ç–≤–µ–Ω–Ω—ã–µ. –†–µ–∫–æ–º–µ–Ω–¥—É—é.,1,1,1
–í –Ω–∞–ª–∏—á–∏–∏ —Ä–∞–∑–Ω—ã–µ —è–±–ª–æ–∫–∏.,0,0,1
–ù–∞–º –ø–æ–ø–∞–ª—Å—è –≤–∫—É—Å–Ω—ã–π –∫–æ—á–∞–Ω—á–∏–∫ –º–æ–ª–æ–¥–æ–π –∏ —Å–≤–µ–∂–µ–π –∫–∞–ø—É—Å—Ç–∫–∏.,1,1,1
–ú–∞–Ω–¥–∞—Ä–∏–Ω—ã –≤–∫—É—Å–Ω—ã–µ. –ú–∏–Ω—É—Å –¥–≤–µ –∑–≤–µ–∑–¥—ã –∑–∞ –Ω–µ—Å–∫–æ–ª—å–∫–æ –≥–Ω–∏–ª—ã—Ö –º–∞–Ω–¥–∞—Ä–∏–Ω–æ–≤ –≤ –∑–∞–∫–∞–∑–µ.,0,0,0
–ú–Ω–µ –ø–æ–Ω—Ä–∞–≤–∏–ª–∏—Å—å –≤–∫—É—Å–Ω—ã–µ,1,1,1
"–í–∫—É—Å–Ω—ã–π –ø–µ—Ä—Å–∏–∫,
–°–ø–µ–ª—ã–π., —Å–æ—á–Ω—ã–π üçÖ, —Å–≤–µ–∂–∏–π, —Å–ª–∞–¥–∫–∏–π —Å –∫–∏—Å–ª–∏–Ω–∫–æ–π. –ü–æ–Ω—Ä–∞–≤–∏–ª—Å—è. –ú–Ω–µ",1,1,1
"–û—á–µ–Ω—å –≤–∫—É—Å–Ω—ã–µ, —Å–æ—á–Ω—ã–µ!",1,1,1
"–ú–¥–∞‚Ä¶ –Ω–∞—á–∏—Ç–∞–ª—Å—è –æ—Ç–∑—ã–≤–æ–≤: ¬´—Å–ª–∞–¥–∫–∞—è, —Å–ª–∞–¥–∫–∞—è¬ª, –∫—É–ø–∏–ª. –ò –ø–æ–ª—É—á–∏–ª ¬´–º–µ–¥–æ–≤—É—é¬ª –¥—ã–Ω—é —Å–æ –≤–∫—É—Å–æ–º —Å—ã—Ä–æ–≥–æ –∫–∞—Ä—Ç–æ—Ñ–µ–ª—è. –í –∏—Ç–æ–≥–µ –≤—Å—è –¥—ã–Ω—è —É—Ö–æ–¥–∏—Ç –≤ –ø–æ–º–æ–π–∫—É",0,0,0
–°–¢–ê–†–´–ï –°–ê–î–´ –û–û–û –≤—Å–µ–≥–¥–∞ –æ—Ç–ª–∏—á–Ω—ã–µ!,1,1,1
"–Ø–≤–Ω–æ –Ω–µ —Å–æ—Ä—Ç –ì–∞–ª–∞. –ò —Ä–∞–∑–º–µ—Ä —É —è–±–ª–æ–∫ –æ—á–µ–Ω—å –º–µ–ª–∫–∏–π. –ü–æ–∫—É–ø–∞—é —Ä–∞–∑–Ω—ã–µ —è–±–ª–æ–∫–∏, –∞ –ø—Ä–∏–≤–æ–∑—è—Ç –æ–¥–∏–Ω –≤–∏–¥, –Ω–µ –ø–æ–Ω—è—Ç–Ω–æ –∫–∞–∫–æ–≥–æ —Å–æ—Ä—Ç–∞.",0,0,0
"50% —Ç–≤—ë—Ä–¥—ã—Ö. –ù—É –¥–∞ –ª–∞–¥–Ω–æ. –ê—Ä–æ–º–∞—Ç–Ω—ã–µ. –¢–µ, —á—Ç–æ –ø–æ–ª–Ω–æ—Å—Ç—å—é —Å–æ–∑—Ä–µ–ª–∏, –æ—á–µ–Ω—å –ø–æ–Ω—Ä–∞–≤–∏–ª–∏—Å—å.",1,1,1
–°–µ–∑–æ–Ω –Ω–∞–≤–µ—Ä–Ω–æ–µ –∑–∞–∫–æ–Ω—á–∏–ª—Å—è –Ω–µ –≤–∫—É—Å–Ω—ã–µ,0,0,0
"–ö–ª—É–±–Ω–∏–∫–∞ –±—ã–ª–∞ –±–µ—Å–ø–æ–¥–æ–±–Ω–∞—è, –±—Ä–∞–ª–∞ –∫–∞–∂–¥—ã–π –¥–µ–Ω—å –Ω–∞ –ø—Ä–æ—Ç—è–∂–µ–Ω–∏–∏ 2 –Ω–µ–¥–µ–ª—å. –ß—Ç–æ —Å–ª—É—á–∏–ª–æ—Å—å —Å–µ–π—á–∞—Å - –Ω–µ–ø–æ–Ω—è—Ç–Ω–æ. –í—ã–≥–ª—è–¥–∏—Ç —Å–ø–µ–ª–æ–π, –¥–∞–∂–µ –ø–µ—Ä–µ—Å–ø–µ–ª–æ–π, –∞ –Ω–∞ –≤–∫—É—Å –ø—Ä–µ—Å–Ω–∞—èü§∑‚Äç‚ôÄÔ∏è",0,1,0
"–û–û–û¬´–û–∫–µ–∞–Ω–∏—è¬ª
–ö–ò–°–õ–Ø–¢–ò–ù–ê! –ü—Ä—è–º –≥–ª–∞–∑–∞ –Ω–∞ –ª–æ–±. –ö—É–ø–∏–ª–∞ 2 –ø–∞—á–∫–∏ –æ–¥–Ω—É –æ—Ç–∫—Ä—ã–ª–∞ –∏ –≤—ã–±—Ä–æ—Å–∏–ª–∞, –≤—Ç–æ—Ä–∞—è —Å—Ç–æ–∏—Ç –∑–∞–ø–µ—á–∞—Ç–∞–Ω–Ω–∞—è, –∑–∞—á–µ–º –æ–±–º–∞–Ω—ã–≤–∞—Ç—å –∏ –ø–∏—Å–∞—Ç—å —á—Ç–æ —Å–ª–∞–¥–∫–∏–π????????",0,0,0
"–ß–∞—Å—Ç—å —Ç–æ–≤–∞—Ä–∞ –±—ã–ª–∞ –Ω–µ–¥–æ–∑—Ä–µ–≤—à–∞—è, —á–∞—Å—Ç—å –ø–æ–≤—Ä–µ–∂–¥–µ–Ω–∞ –ø—Ä–∏ –¥–æ—Å—Ç–∞–≤–∫–µ.",0,0,0
–ù–∞ –¥–æ—Å—Ç–∞–≤–∫—É –≤ –ì–∞—Ç—á–∏–Ω—É –ø—Ä–∏–≤–µ–∑–ª–∏ –∫–∞–º–µ–Ω–Ω—ã–µ,0,0,0
–ë–µ–∑–≤–∫—É—Å–Ω—ã–µ,1,1,0
"–æ–¥–Ω–∞ —è–≥–æ–¥–∞ –Ω–æ—Ä–º–∞–ª—å–Ω–∞—è, –æ–¥–Ω–∞ –≥–æ—Ä—á–∏—Ç –∏ —Ç–∞–∫ –ø–æ –∫—Ä—É–≥—É‚Ä¶",1,0,0
–ü–æ–Ω—Ä–∞–≤–∏–ª–∞—Å—å —è–≥–æ–¥–∞!,1,1,1
–û–≥—É—Ä—á–∏–∫ —Å–≤–µ–∂–∏–µ –∏ –æ—á–µ–Ω—å –≤–∫—É—Å–Ω—ã–µ .,1,1,1
–®–∏–∫–∞—Ä–Ω—ã–π –≤–∏–Ω–æ–≥—Ä–∞–¥,1,1,1
–ö–∏—Å–ª—ã–π,0,0,0
"–í–∑—è–ª–∞ –ø–æ—Å–ª–µ–¥–Ω—é—é —Å–µ—Ç–∫—É , –±–æ–ª—å—à–µ –∫–∞—Ä—Ç–æ—à–∫–∏ –Ω–∏–∫–∞–∫–æ–π –≤–æ–æ–±—â–µ –Ω–µ –±—ã–ª–æ , –∞ –º–Ω–µ –¥–∏–∫–æ —Ö–æ—Ç–µ–ª–æ—Å—å —Å–µ–ª–µ–¥–∫—É —Å –∫–∞—Ä—Ç–æ—à–∫–æ–π ü´§–Ω—É –∏ –Ω–µ –∑–∞–≥–ª—è–¥—ã–≤–∞–ª–∞ –≤–æ–≤–Ω—É—Ç—Ä—å , –ø–æ—Ç–æ–º—É —á—Ç–æ –Ω–µ –æ–∂–∏–¥–∞–ª–∞ —Ç–∞–∫–æ–π –ø–æ–¥—Å—Ç–∞–≤—ã —Å–æ —Å—Ç–æ—Ä–æ–Ω—ã –≤–≤ . –ü–æ —Ü–µ–Ω–µ –∫—Ä—ã–ª–∞ –æ—Ç —Å–∞–º–æ–ª–µ—Ç–∞ –≤—Å–µ —Ç–∞–∫–∏ –æ–∂–∏–¥–∞–µ—à—å –∫–∞—á–µ—Å—Ç–≤–µ–Ω–Ω—ã–π —Ç–æ–≤–∞—Ä .–¢–∞–∫–æ–µ –Ω–µ–ª—å–∑—è –ø—Ä–æ–¥–∞–≤–∞—Ç—å —É–∂–µ , –ª–∏–±–æ —Å–æ —Å–∫–∏–¥–∫–æ–π . –í–µ—Å—å –∫–∞—Ä—Ç–æ—Ñ–µ–ª—å —É–∂–µ —Å –∑–µ–ª–µ–Ω—ã–º–∏ –ø—Ä–æ—Ä–æ—Å—Ç–∫–∞–º–∏ , –æ–¥–Ω–∞ –ø—Ä—è–º –≥–Ω–∏–ª–∞—è –±—ã–ª–∞ , –∫–æ–∂—É—Ä–∞ —É–∂–µ –∑–µ–ª–µ–Ω–∞—è —É –≤—Å–µ—Ö ! –¢–∞–∫–æ–µ —Ç–æ–ª—å–∫–æ —Å–∞–∂–∞—Ç—å ! –°–≤–∞—Ä–∏–ª–∞ –Ω–µ—Å–∫–æ–ª—å–∫–æ , –æ—Å—Ç–∞–ª—å–Ω–æ–µ –≤—ã–∫–∏–Ω—É–ª–∞",0,0,0
–í–∫—É—Å –≤–æ–¥—è–Ω–∏—Å—Ç—ã–π,1,1,0
"–ü–æ–ø–∞–ª—Å—è —É–¥–∞—á–Ω—ã–π!
–¶–µ–ª–µ–Ω—å–∫–∏–π –∏ —Å–≤–µ–∂–µ–Ω—å–∫–∏–π!
–°–ø–∞- —Å–∏ - –±–æ!!!",1,1,1
–í–∫—É—Å–Ω—ã–π –∏ —Å–ª–∞–¥–∫–∏–π! –ü–µ—Ä—É. –•—Ä–∞–Ω–∏—Ç—Å—è 20 —Å—É—Ç,1,1,1
"–ö–∏—Å–ª—ã–π, –µ—Å—Ç—å –Ω–µ–≤–æ–∑–º–æ–∂–Ω–æ",0,0,0
–ë—Ä–∞–ª–∞ —É–∂–µ –º–Ω–æ–≥–æ —Ä–∞–∑ –∏ –∫–∞–∂–¥—ã–π —Ä–∞–∑ —è–≥–æ–¥—ã –∏–¥–µ–∞–ª—å–Ω—ã–µ!,1,1,1
–ë—ã–ª –≤–Ω—É—Ç—Ä–∏ –Ω–µ—Å–∫–æ–ª—å–∫–æ —Ä–∞–∑ –≤ –∫—Ä–∞—Å–Ω—É—é –∫—Ä–∞–ø–∏–Ω–∫—É,0,0,0
"–ì—Ä—É—à–∏ —Å–ø–µ–ª—ã–µ, –≤–∫—É—Å–Ω—ã–µ!",1,1,1
–í–∫—É—Å–Ω–∞—è!,1,1,1
–ö–∏—Å–ª—ã–π,0,0,1
"–û—Ç–ª–∏—á–Ω–∞—è —Å–ª–∏–≤–∞, —Å–æ—á–Ω–∞—è!!!",1,1,1
"–ö —Å–æ–∂–∞–ª–µ–Ω–∏—é –Ω–µ —Å–ª–∞–¥–∫–∏–µ. –°–æ—á–Ω—ã–µ, –Ω–æ –ø—Ä–µ—Å–Ω—ã–µ :( —Ä–∞–Ω—å—à–µ –±—ã–ª–∏ –ø—Ä—è–º —Å–ª–∞–¥–∫–∏–µ",1,1,0
"–í–∫—É—Å–Ω—ã–π. –ù–µ –∫–∏—Å–ª—ã–π –∏ –Ω–µ —Å–ª–∞–¥–∫–∏–π, –Ω–µ–π—Ç—Ä–∞–ª—å–Ω—ã–π –≤–∫—É—Å, –≤–∫—É—Å —Ç—Ä–∞–≤—ã –∏–ª–∏ –∑–µ–ª–µ–Ω–∏. –ö—É–ø–∏–ª–∞ –ø–æ –∑—Ü. –ì–Ω–∏–ª—ã—Ö –Ω–µ –æ–±–Ω–∞—Ä—É–∂–µ–Ω–æ, –≤–∏–¥–∏–º–æ, –ø–æ–≤–µ–∑–ª–æ;)",1,0,1
"–ö–æ–≥–¥–∞ —Ç–æ–ª—å–∫–æ –ø–æ—è–≤–∏–ª–∞—Å—å –±—ã–ª–∞ –≤–∫—É—Å–Ω–∞ –º–µ–ª–∫–∞—è –Ω–æ —Å–ª–∞–¥–∫–∞—è –∏ —Ç–∞–∫–∞—è –Ω–∞—Ç—É—Ä–∞–ª—å–Ω–∞—è , –ø–æ—Å–ª–µ–¥–Ω–∏–µ –Ω–µ—Å–∫–æ–ª—å–∫–æ —Ä–∞–∑ –ø–æ–∫—É–ø–∞–ª–∞ –∫—Ä—É–ø–Ω–∞—è , –±–µ–∑ –≤–∫—É—Å–∞ –∏–ª–∏ –∫–∏—Å–ª–∞—è, –ø–ª–∞—Å—Ç–∏–∫–æ–≤–∞—è",0,0,0
"–û–≥—É—Ä—Ü—ã —Å–≤–µ–∂–∏–µ, –Ω–æ –ø—Ä–∏–≤–µ–∑–ª–∏ –ø–µ—Ä–µ—Ä–æ—Å—à–∏–µ —Ä–∞–∑–º–µ—Ä–æ–º 30√ó5 –∫–∞–∫ –∫–∞–±–∞—á–∫–∏.",1,0,1
"–ú–∞–Ω–¥–∞—Ä–∏–Ω—ã —Å–Ω–∞—Ä—É–∂–∏ –≤—ã–≥–ª—è–¥–µ–ª–∏ —Ö–æ—Ä–æ—à–æ, –≤–Ω—É—Ç—Ä–∏ –æ–∫–∞–∑–∞–ª–∏—Å—å –∑–∞—Å–æ—Ö—à–∏–µ –∏, —Å–æ–æ—Ç–≤–µ—Ç—Å—Ç–≤–µ–Ω–Ω–æ, –Ω–µ —Å–æ—á–Ω—ã–µ.",0,0,0
–•–æ—Ä–æ—à–∞—è –º–æ—Ä–∫–æ–≤—å,1,1,1
"–°–æ–≤—Å–µ–º –Ω–µ —Å–ª–∞–¥–∫–∏–π,–º—è–≥–∫–∏–π –∫–∞–∫ –±—É–¥—Ç–æ –ø—Ä–æ–∫–∏—Å—à–∏–π(",0,0,0
–ú–æ—Ä–∫–æ–≤—å –≤–∫—É—Å–Ω–∞—è –∏ —á–∏—Å—Ç–∞—è.,1,1,1
–û—Ç–≤—Ä–∞—Ç–∏—Ç–µ–ª—å–Ω–æ –∫–∏—Å–ª—ã–π,0,0,0
"–î–∞, –¥–≤–∞ —Ä–∞–∑–∞ –±—Ä–∞–ª–∏ –≥—Ä—É—à–∏ –∏ –æ–Ω–∏ –¥–æ–∑—Ä–µ–≤–∞–ª–∏ –∑–∞ 1-2 –¥–Ω—è, –ø–æ—Å–ª–µ–¥–Ω—è—è –ø–æ–∫—É–ø–∫–∞ –Ω–µ –¥–æ–∑—Ä–µ–ª–∞ –¥–∞–∂–µ –∑–∞ –Ω–µ–¥–µ–ª—é. –û—Å—Ç–∞–ª–∏—Å—å –∂—ë—Å—Ç–∫–∏–º–∏",0,0,1
–î–ª—è –Ω–∞—á–∞–ª–∞ —Å–µ–∑–æ–Ω–∞ –¥–æ–≤–æ–ª—å–Ω–æ –≤–∫—É—Å–Ω—ã–µ. –ü–æ—Ç—Ä–µ–±–∏—Ç–µ–ª—å—Å–∫–æ–π —Å—Ç–µ–ø–µ–Ω–∏ –∑—Ä–µ–ª–æ—Å—Ç–∏.,1,1,1
–ú–æ–ª–æ–¥–∞—è —Å–≤–µ–∫–æ–ª–∫–∞! –û—á–µ–Ω—å –≤–∫—É—Å–Ω–∞—è –¥–ª—á –±–æ—Ä—â–∞.,1,1,1
"–ö–ª—É–±–Ω–∏–∫–∞ —É–∂–∞—Å–Ω–∞—è... –ü–æ–∫—É–ø–∞—é –ø–æ—Å—Ç–æ—è–Ω–Ω–æ, –≤—Å–µ–≥–¥–∞ –±—ã–ª–∞ –≤–∫—É—Å–Ω–∞—è. –ê —Å–µ–π—á–∞—Å –ø—Ä–∏–≤–∫—É—Å —Ö–∏–º–∏–∏ , –∫–∞–∫ –±—É–¥—Ç–æ –æ–±—Ä–∞–±–æ—Ç–∞–Ω–∞ —á–µ–º-—Ç–æ. –ó–∞–ø–∞—Ö–∞ –∏ —Å–ª–∞–¥–æ—Å—Ç–∏ –Ω–µ—Ç. –ü–µ—Ä–≤—ã–π —Ä–∞–∑ —Ç–∞–∫–∞—è –∫—Ä–∞—Å–Ω–æ–¥–∞—Ä—Å–∫–∞—è –∫–ª—É–±–Ω–∏–∫–∞ –ø–æ–ø–∞–ª–∞—Å—å. –î–µ—Ç–∏ –æ—á–µ–Ω—å –æ–≥–æ—Ä—á–∏–ª–∏—Å—å. –ü—Ä–∏—à–ª–æ—Å—å –µ–µ –≤—ã–∫–∏–Ω—É—Ç—å!!! –ù–∞ –∫–æ—Ä–æ–±–∫–µ –Ω–µ—Ç —Ü–µ–Ω–Ω–∏–∫–∞ –∏ –≤–µ—Å –∫–ª—É–±–Ω–∏–∫–∏ –Ω–µ —É–∫–∞–∑–∞–Ω.",0,0,0
"–°–ª–µ–¥—É–π—Ç–µ –∏–Ω—Å—Ç—Ä—É–∫—Ü–∏–∏, –∏ –ø–æ–ª—É—á–∞–π—Ç–µ —É–¥–æ–≤–æ–ª—å—Å—Ç–≤–∏–µ",0,1,1
"–ö–∞—Ä—Ç–æ—à–∫–∞ –≤—Å—è –∑–µ–ª–µ–Ω–∞—è, –ø—Ä—è–º –≤—Å—è",0,0,0
"–£–∂–∞—Å–Ω—ã–µ. –ü—Ä–∏–≤–µ–∑–ª–∏ –ø–æ–º–∏–¥–æ—Ä—ã –≤—Å–µ —Ç—Ä–µ—Å–Ω—É—Ç—ã–µ, –∞ –Ω–µ–∫–æ—Ç–æ—Ä—ã–µ –¥–∞–∂–µ –∏–∑–º—è—Ç—ã–µ. –ü–æ –ó–¶ —Ç–∞–∫–æ–µ –ø—Ä–æ–¥–∞–≤–∞—Ç—å –Ω–µ–ª—å–∑—è, —ç—Ç–æ –Ω–∞–¥–æ –≤—ã–±—Ä–∞—Å—ã–≤–∞—Ç—å!",0,0,0
–ë—Ä–∞–ª –¥–≤–∞ —Ä–∞–∑–∞ –≤ –ê–ø—Ä–µ–ª–µ –≤ –º–∞–≥–∞–∑–∏–Ω–µ- –æ—Ç–ª–∏—á–Ω—ã–π –∞—Ä–±—É–∑! –ó–∞–∫–∞–∑–∞–ª —Å–µ–≥–æ–¥–Ω—è - –æ—á–µ–Ω—å –ø–ª–æ—Ö–æ–π. –í–æ–¥—è–Ω–∏—Å—Ç—ã–π –±–µ–∑–≤–∫—É—Å–Ω—ã–π –∞—Ä–±—É–∑( –ù–µ –±–µ—Ä–∏—Ç–µ,0,1,0
"–í–∫—É—Å –Ω–µ–ø–æ–Ω—è—Ç–Ω—ã–π, –∫–∞–∫ –±—É–¥—Ç–æ –∏—Å–ø–æ—Ä—á–µ–Ω—ã.",0,0,0
–û—á–µ–Ω—å –ø—Ä–∏—è—Ç–Ω—ã–π –Ω–∞ –≤–∫—É—Å –≤–∏–Ω–æ–≥—Ä–∞–¥,1,1,1
"–ü—Ä–æ—Å–∏–ª–∞ —Ö–æ—Ä–æ—à—É—é –∫–ª—É–±–Ω–∏–∫—É, –ø—Ä–∏–≤–µ–∑–ª–∏ –Ω–µ—Å–ø–µ–ª—É—é. –ò–∑ –≤—Å–µ—Ö —è–≥–æ–¥ —Ç–æ–ª—å–∫–æ —à—Ç—É–∫–∏ 3 –æ–∫–∞–∑–∞–ª–∏—Å—å —Å–ª–∞–¥–∫–∏–º–∏.",1,1,0
"–í —Ü–µ–ª–æ–º –Ω–æ—Ä–º–∞–ª—å–Ω–∞—è –≥–æ–ª—É–±–∏–∫–∞, –Ω–æ –ø–æ–ø–∞–¥–∞–ª–∏—Å—å –º–µ–ª–∫–∏–µ –∫–∏—Å–ª—ã–µ —è–≥–æ–¥—ã.",0,0,1
–í —ç—Ç–æ—Ç —Ä–∞–∑ –ø—Ä–∏–≤–µ–∑–ª–∏ –æ—Ç –û–∫–µ–∞–Ω–∏—è –æ—á–µ–Ω—å –±–æ–ª—å—à–∏–µ –∏ —Ç–æ–Ω–∫–æ—Å—Ç–µ–Ω–Ω—ã–µ.,0,0,1
–ú–Ω–µ –ø–æ–ø–∞–ª–∏—Å—å —Å–ª–∞–¥–∫–∏–µ –∏ –±–µ–∑ –∫–æ—Å—Ç–æ—á–µ–∫ - –ø—Ä–æ—Å—Ç–æ –º—ë–¥!,1,1,1
"–ê–ø–µ–ª—å—Å–∏–Ω—ã —Å–ª–∞–¥–∫–∏–µ, –Ω–æ —Å—É—Ö–æ–≤–∞—Ç—ã",1,1,1
"–ü–æ–≤–µ–∑–ª–æ, –≤ —ç—Ç–æ—Ç —Ä–∞–∑ —Å–æ—á–Ω—ã–µ –∏ —Å–ª–∞–¥–∫–∏–µ.",1,1,1
–°–æ—á–Ω–æ –∏ –≤–∫—É—Å–Ω–æ,1,1,1
–°—É–ø–µ—Ä—Ü–µ–Ω–∞,1,1,1
–û—Ç –§—Ä—É—Ç –ö—É–ª—å—Ç –û–û–û –∫–ª—É–±–Ω–∏–∫–∞ –¥–æ—Å—Ç–∞—Ç–æ—á–Ω–æ –∫—Ä—É–ø–Ω–∞—è. –°–≤–µ–∂–∞—è. –ù–æ –≤–æ–¥—è–Ω–∏—Å—Ç–∞—è –∏ –∫–∏—Å–ª–∞—è. –ü—Ä–∏ —ç—Ç–æ–º —á–∞—Å—Ç—å –ø—Ä–æ—Å—Ç–æ –±–µ–∑–≤–∫—É—Å–Ω–∞—è.,0,1,0
"–ö—É–ø–∏–ª–∞ –ø–æ –ó–¶. –°–æ—á–Ω—ã–µ, —Å–ª–∞–¥–∫–∏–µ! –°–ø–∞—Å–∏–±–æ!",1,1,1
"–ú–Ω–µ –ø–æ–Ω—Ä–∞–≤–∏–ª–∏—Å—å. –ù–µ ¬´–≤–∞—Ç–Ω—ã–µ¬ª. –ß—É—Ç—å –∂–µ—Å—Ç–∫–æ–≤–∞—Ç—ã, –Ω–µ –æ—á–µ–Ω—å —Å–ª–∞–¥–∫–∏–µ, –≤–º–µ—Ä—É —Å–æ—á–Ω—ã–µ. –í —Ü–µ–ª–æ–º –≤–∫—É—Å–Ω—ã–µ –≥—Ä—É—à–∏. –ö—É–ø–ª—é –µ—â–µ",1,1,1
–ü—Ä–∏–≤–µ–∑–ª–∏ —Å –∫–æ—Å—Ç–æ—á–∫–∞–º–∏,0,0,0
–ü—Ä–∏–≤–µ–∑–ª–∏ –Ω—É –æ—á–µ–Ω—å –Ω–µ–¥–æ–∑—Ä–µ–ª—ã–π,0,0,0
"–°–æ—á–Ω—ã–µ, –∑—Ä–µ–ª—ã–µ, —Å–ª–∞–¥–∫–∏–µ ü§©",1,1,1
–ë–ª–ø–æ–ª–¥–º–æ—é .—á–ø—Ä –æ—Ç–ª–∏—á–Ω–æ,1,1,1
–ö—É–ø–∏–ª–∞ –ø–æ –ó–¶ . –í–∫—É—Å–Ω—ã–µ –∏ –¥–∞–∂–µ —Å –ª–∏—Å—Ç–∏–∫–∞–º–∏),1,1,1
"–í–∫—É—Å–Ω—ã–µ, —Å–ª–∞–¥–∫–∏–µ –∏ –∞—Ä–æ–º–∞—Ç–Ω—ã–µ —è–±–ª–æ—á–∫–∏",1,1,1
–û—á–µ–Ω—å –≤–∫—É—Å–Ω—ã–µ –º–∞–Ω–¥–∞—Ä–∏–Ω—ã üçä,1,1,1
"–û—á–µ–Ω—å —Å–æ—á–Ω–∞—è, –∞—Ä–æ–º–∞—Ç–Ω–∞—è –∏ —Å–ª–∞–¥–∫–∞—è",1,1,1
"–ú–µ–¥–æ–≤–∞—è, —Å–æ—á–Ω–∞—è. –¶–µ–Ω–∞ –∑–∞–≤—ã—à–µ–Ω–∞",0,0,1
"–°–Ω–∞—Ä—É–∂–∏ –ø—Ä–µ–∫—Ä–∞—Å–Ω–∞, –≤–Ω—É—Ç—Ä–∏ –∑–∞–±—Ä–æ–¥–∏–≤—à–∞—è. –ö —á–µ—Å—Ç–∏ —Å–æ—Ç—Ä—É–¥–Ω–∏–∫–æ–≤ –í–∫—É—Å–≤–∏–ª–ª –æ–Ω–∏ –ø—Ä–∏–∑–Ω–∞–ª–∏ –ø—Ä–æ–±–ª–µ–º—É –∏ –≤—Å—ë —Ä–µ—à–∏–ª–∏. –ü–æ—Ç–æ–º—É —ç—Ç–æ –¥–ª—è –º–µ–Ω—è –ø–æ-–ø—Ä–µ–∂–Ω–µ–º—É –¥–µ–∂—É—Ä–Ω–∞—è —Å–µ—Ç—å. 90% –ø—Ä–æ–¥—É–∫—Ç–æ–≤ –ø—Ä–∏–æ–±—Ä–µ—Ç–∞—é —Ç—É—Ç.",1,0,0
"–ö—Ä—É–ø–Ω—ã–µ, –ø—Ä–æ—Å—Ç–æ –æ–≥—Ä–æ–º–Ω—ã–µ, —Ç–æ–ª—Å—Ç–æ–∫–æ–∂–∏–µ, –Ω–æ –≤–∫—É—Å–Ω—ã–µ!
–°–ø–∞—Å–∏–±–æ!
–ö –ø–æ–∫—É–ø–∫–µ —Ä–µ–∫–æ–º–µ–Ω–¥—É—é!",1,1,1
"–û—á–µ–Ω—å –∫—Ä—É–ø–Ω–∞—è, –∫—Ä–∞—Å–∏–≤–∞—è, –Ω–æ... –Ω–µ –∞—Ä–æ–º–∞—Ç–Ω–∞—è –∏ –±–µ–∑–≤–∫—É—Å–Ω–∞—è... ü§¢",1,0,1
–ö–∏—Å–ª—ã–µ,1,0,0
–ü–æ–ª–æ–≤–∏–Ω—É –∫–∞—Ä—Ç–æ—Ñ–µ–ª—è –∑–µ–ª–µ–Ω–æ–≥–æ,0,0,0
"–°–ª–∏–≤–∞ –∫—Ä–∞—Å–Ω–∞—è, —Å–ø–µ–ª–∞—è, —Å–ª–∞–¥–∫–∞—è, –≤–∫—É—Å–Ω–∞—è –≤ –æ—Ç–ª–∏—á–∏–µ –æ—Ç –∂—ë–ª—Ç–æ–π. –ö–æ—Å—Ç–æ—á–∫–∞ –ª–µ–≥–∫–æ –æ—Ç–¥–µ–ª—è–µ—Ç—Å—è. –ú–Ω–µ –ø–æ–Ω—Ä–∞–≤–∏–ª–∞—Å—å.",1,1,1
–ü–æ—Å—Ç–æ—è–Ω–Ω–æ –Ω–µ—Ç –≤ –Ω–∞–ª–∏—á–∏–∏,0,0,0
"–°–ª–∞–¥–∫–∏–µ,—Å–æ—á–Ω—ã–µ –º–∞–Ω–¥–∞—Ä–∏–Ω—ã",1,1,1
"–º–µ–ª–∫–∏–π, –ø–ª–æ—Ö–æ —á–∏—Å—Ç–∏—Ç—Å—è, —Å –∫–∏—Å–ª–∏–Ω–∫–æ–π –∏ –∫–æ—Å—Ç–æ—á–∫–∞–º–∏",0,0,0
"–ú–Ω–æ–≥–æ –ø–æ—Ä—á–µ–Ω–Ω–æ–π –∫–∞—Ä—Ç–æ—à–∫–∏, –ª–æ–ø–Ω—É–≤—à–µ–π, –ø–æ–¥–≥–Ω–∏–≤—à–µ–π",0,0,0
"–†–∞–Ω—å—à–µ –±—ã–ª–æ –∏–¥–µ–∞–ª—å–Ω–æ–µ –∞–≤–æ–∫–∞–¥–æ, —Å–µ–π—á–∞—Å —á–∞—Å—Ç–æ —Ç–≤—ë—Ä–¥–æ–µ –ø–æ–ø–∞–¥–∞–µ—Ç—Å—è.",0,0,1
"–í—Å–µ–≥–¥–∞ –æ—Ç–ª–∏—á–Ω–∞—è, —á–∏—Å—Ç–µ–Ω—å–∫–∞—è –∏ —Å–≤–µ–∂–∞—è –º–æ—Ä–∫–æ–≤—å.",1,1,1
"–ê–±—Ä–∏–∫–æ—Å—ã —Å —É—á–µ—Ç–æ–º –Ω–µ —Å–µ–∑–æ–Ω–∞ –æ—á–µ–Ω—å –≤–∫—É—Å–Ω—ã–µ –Ω–æ –Ω–µ –≤—Å–µ. –ï—Å—Ç—å –Ω–µ–¥–æ–∑—Ä–µ–ª—ã–µ –Ω–æ —ç—Ç–æ –Ω–æ—Ä–º–∞–ª—å–Ω–æ. –ü–æ–ª–µ–∂–∞—Ç –Ω–µ–∫–æ—Ç–æ—Ä–æ–µ –≤—Ä–µ–º—è , –¥–æ–∑—Ä–µ—é—Ç –∏ —ç—Ç–æ —Ö–æ—Ä–æ—à–æ.",1,0,1
"–í—ã–∫–∏–Ω—É–ª–∞, —Ç.–∫. –∑–∞–±—Ä–æ–¥–∏–ª–∞, —Ö–æ—Ç—è —Å –Ω–∞—Ä—É–∂–∏ –±—ã–ª–∞ –∏–¥–µ–∞–ª—å–Ω–∞(((",0,0,0
"–ö—Ç–æ –æ—à–∏–±–µ—Ç—å—Å—è –ö—Ç–æ —É–≥–∞–¥–∞–µ—Ç , —Ä–∞–∑–Ω–æ–µ –∞–≤–æ–∫–∞–¥–æ –∫ –Ω–∞–º –ø–æ–ø–∞–¥–∞–µ—Ç ! –ë–µ–∑ —Å–∞–ª–∞—Ç–∞ –∫ —É–∂–∏–Ω—É !!!–≤—á–µ—Ä–∞ –∫—É–ø–∏–ª–∞ .",0,0,0
"–ü–æ–∫—É–ø–∞–ª–∞ –≤ –º–∞–≥–∞–∑–∏–Ω–µ, –∫—Ä—É–ø–Ω—ã–µ,—Å–ª–∞–¥–∫–∏–µ –∏ —Å–æ—á–Ω—ã–µ –∞–ø–µ–ª—å—Å–∏–Ω—ã.",1,0,1
–û—á–µ–Ω—å –≤–∫—É—Å–Ω—ã–µ! –ú–æ–∏ –ª—é–±–∏–º—ã–µ,1,1,1
–ù–∞—Ç–∞–ª–∏—è. –•–æ—Ä–æ—à–∏–µ!,1,1,1
–ò–∑ 590–≥—Ä –æ–¥–∏–Ω –≤–Ω—É—Ç—Ä–∏ –≥–Ω–∏–ª–æ–π.,0,0,1
–û—á–µ–Ω—å –≤–∫—É—Å–Ω—ã–µ!,1,1,1
–í–∫—É—Å–∞ –Ω–µ—Ç,0,1,0
–ö–∏—Å–ª—ã–π,0,0,0
"–ù–µ —Å—É–ø–µ—Ä , –Ω–æ—Ä–º–∞–ª—å–Ω–∞—è",1,0,1
–ù–µ –¥–æ–∑—Ä–µ–ª–∞. –ë–µ–∑ –≤–∫—É—Å–∞. –û—á–µ–Ω—å –∂–∞–ª—å. –•—Ä—É—Å—Ç–∏—Ç –Ω–∞ –∑—É–±–∞—Ö.,0,0,0
"–ö—Ç–æ –∑–Ω–∞–µ—Ç, –ø–æ—á–µ–º—É —ç—Ç–æ—Ç –∫–æ–∫–æ—Å –≤–Ω—É—Ç—Ä–∏ —Ñ–∏–æ–ª–µ—Ç–æ–≤—ã–π?üò±",0,0,0
"–ü—Ä–æ–∂–∏–ª–∫–∏ –ø–µ—Ä–µ–∑—Ä–µ–≤—à–µ–≥–æ –∞–≤–æ–∫–∞–¥–æ, –ø–æ–ª–æ–≤–∏–Ω–∫—É —Å—ä–µ–ª, –ø–æ–ª—Ç–æ—Ä–∞ –≤—ã–∫–∏–Ω—É–ª",0,0,0
"–ü–æ –∑/—Ü –∞–ø–µ–ª—å—Å–∏–Ω - —Ç–æ, —á—Ç–æ –Ω–∞–¥–æ!",1,1,1
"–ó–µ–ª—ë–Ω—ã–π, –Ω–∞ —Å—Ä–µ–¥–µ –±–µ–ª–∞—è –ø–ª–µ—Å–µ–Ω—å.",0,0,0
"–ê—Ä–±—É–∑ –ø–æ–ª–Ω–æ–µ —Ä–∞–∑–æ—á–∞—Ä–æ–≤–∞–Ω–∏–µ. –ë–µ–∑–≤–∫—É—Å–Ω—ã–π, –Ω–µ —Å–ª–∞–¥–∫–∏–π. 1500 –Ω–∞ –≤–µ—Ç–µ—Ä. –ü–æ–ª–µ—Ç–µ–ª –∞—Ä–±—É–∑ –Ω–∞ –º—É—Å–æ—Ä–∫—É üëç",0,0,0
–ú–æ—Ä–∫–æ–≤—å —Å–æ—á–Ω–∞—è –∏ —Å–ª–∞–¥–∫–∞—è,1,1,1
"–û—á–µ–Ω—å –≤–∫—É—Å–Ω–∞—è –¥—ã–Ω—è,–≤ —Å–µ–∑–æ–Ω —Ç–∞–∫—É—é –ø–æ–∏—Å–∫–∞—Ç—å –Ω–∞–¥–æ. –Ø –æ—á–µ–Ω—å –¥–æ–≤–æ–ª—å–Ω–∞ –ø–µ—Ä–≤—ã–º –∑–∞–∫–∞–∑–æ–º,–∞ –≤–æ –≤—Ç–æ—Ä–æ–π —Ä–∞–∑ –µ—â—ë –≤–∫—É—Å–Ω–µ–µ –¥–æ—Å—Ç–∞–≤–∏–ª–∏üòãüòãüòã",1,1,1
–û–±–∞–ª–¥–µ–Ω–Ω–∞—è,1,1,1
–ü–æ–¥–º–æ—Ä–æ–∂–µ–Ω–Ω—ã–π,0,0,0
"–ü–ª–æ—Ö–æ–π,–≤–µ—Å—å –∑–µ–ª—ë–Ω—ã–π",0,0,1
"–Ø–≥–æ–¥—ã –æ—Ç –∏–∑–≥–æ—Ç–æ–≤–∏—Ç–µ–ª—è ORBIS –≤—è–ª—ã–µ, –Ω–µ–∫–æ—Ç–æ—Ä—ã–µ –ø–æ—Ä—á–µ–Ω—ã–µ. –ü–æ–¥ –æ–ø—Ä–µ–¥–µ–ª–µ–Ω–∏–µ ¬´–æ—Ç–±–æ—Ä–Ω—ã–µ¬ª –∞–±—Å–æ–ª—é—Ç–Ω–æ –Ω–µ –ø–æ–ø–∞–¥–∞—é—Ç. –¶–µ–Ω–∞ —è–≤–Ω–æ –∑–∞–≤—ã—à–µ–Ω–∞.",0,0,0
"–î–∞–∂–µ –ø–æ –ó–¶ —è–≥–æ–¥–∞ —Ä—É–ø–Ω–∞—è, —Å–≤–µ–∂–∞—è, –≤–∫—É—Å–Ω–∞—è.",0,1,1
–ü–ª–æ—Ö–æ–π,0,0,0
"–ú—è–∫–æ—Ç—å —Å –∂–µ–ª—Ç–∏–∑–Ω–æ–π , –æ–≥—É—Ä—Ü—ã –Ω–µ –ø–µ—Ä–≤–æ–π —Å–≤–µ–∂–µ—Å—Ç–∏",0,0,1
"–ö–∏—Å–ª—è—Ç–∏–Ω–∞, –Ω–µ–≤–æ–∑–º–æ–∂–Ω–æ –µ—Å—Ç—å",0,0,0
–í—Å–µ–≥–æ —Ç—Ä–∏ —Å–ª–∏–≤—ã. –í–∏–¥–∏–º–æ –Ω–∞ –æ—Å—Ç–∞—Ç–∫–µ –±—ã–ª–æ. –ò –ø–æ–ª–æ–∂–∏–ª–∏ –≤—è–ª—ã–µ. –õ—É—á—à–µ –∏ –Ω–µ –∫–ª–∞–ª–∏ –±—ã,0,0,0
–û—Ç–ª–∏—á–Ω–∞—è —Å–≤—ë–∫–ª–∞,1,1,1
"–ó–∞–∫–∞–∑—ã–≤–∞–ª–∞ –≤—á–µ—Ä–∞ –∫–ª—É–±–Ω–∏–∫—É. –û–Ω–∞ –∞–±—Å–æ–ª—é—Ç–Ω–æ –±–µ–∑–≤–∫—É—Å–Ω–∞—è. –ö—Ä—É–ø–Ω–∞—è, –∫—Ä–∞—Å–∏–≤–∞—è, –Ω–æ –≤–∫—É—Å–∞ –Ω–∏–∫–∞–∫–æ–≥–æ. –†–∞–Ω–µ–µ —ç—Ç–∞ –∫–ª—É–±–Ω–∏–∫–∞ –±—ã–ª–∞ –≤–µ–ª–∏–∫–æ–ª–µ–ø–Ω–∞",1,1,0
–í—Å–µ–º —Ä–µ–∫–æ–º–µ–Ω–¥—É—é —ç—Ç–æ—Ç —á–µ—Å–Ω–æ–∫,1,0,1
–ò–∑ –¥—é–∂–∏–Ω—ã –∫–∞—Ä—Ç–æ—Ñ–µ–ª–∏–Ω —Ç—Ä–∏ –æ–∫–∞–∑–∞–ª–∏—Å—å –∏—Å–ø–æ—Ä—á–µ–Ω–Ω—ã–º–∏ - —Å –≥–Ω–∏–ª—å—é –∏ –ø–ª–µ—Å–µ–Ω—å—é,0,0,0
–ë–µ–∑–≤–∫—É—Å–Ω—ã–π –∞–±—Å–æ–ª—é—Ç–Ω–æ,0,0,0
—É –º–µ–Ω—è —Ö–æ—Ä–æ—à–∏–µ –±—ã–ª–∏. —Å–ø–µ–ª—ã–µ. –≤–∫—É—Å–Ω—ã–µ,1,1,1
"–†–∞–Ω—å—à–µ –ø–æ–∫—É–ø–∞–ª–∏ –∏ –∫–∞—á–µ—Å—Ç–≤–æ –æ—á–µ–Ω—å –Ω—Ä–∞–≤–∏–ª–æ—Å—å, —Å–µ–π—á–∞—Å –∫—É–ø–∏–ª–∞ —Ä–µ–±–µ–Ω–∫—É –æ–Ω —Å–∫–∞–∑–∞–ª –≤–∫—É—Å –º–æ–ª–æ–∫–∞ –ø—Ä–æ—Ç–∏–≤–Ω—ã–π, –ø–æ–ø—Ä–æ–±–æ–≤–∞–ª–∞ –∏ –∫–∞–∫ –±—É–¥—Ç–æ –ø–ª–µ—Å–µ–Ω—å—é –æ—Ç–¥–∞–µ—Ç. –ß—Ç–æ —Ç–∞–º –≤–Ω—É—Ç—Ä–∏ - –Ω–µ–∏–∑–≤–µ—Å—Ç–Ω–æ. –£—Ä–æ–∂–∞–π 2024. –°–∫–æ–ª—å–∫–æ –µ–º—É –≤–æ–æ–±—â–µ –≤—Ä–µ–º–µ–Ω–∏? –ü–æ–∫—É–ø–∞—Ç—å –∫–æ–Ω–µ—á–Ω–æ –±–æ–ª—å—à–µ –Ω–µ –±—É–¥–µ–º.",0,0,0
"–ë–µ–∑ –≤–∫—É—Å–∞, –±–µ–∑ –∑–∞–ø–∞—Ö–∞, –º—è—Å–∏—Å—Ç—ã–µ, —Å–æ—á–Ω—ã–µ. –ü–æ—á—Ç–∏ –Ω–µ —Ç–≤—ë—Ä–¥—ã–µ. –ù–µ –∫–∏—Å–ª—ã–µ, —Å–ª–∞–±–æ —Å–ª–∞–¥–∫–∏–µ. –¢—É—Ä—Ü–∏—è, –æ—Ç 10.05.
–î–µ–π—Å—Ç–≤–∏—Ç–µ–ª—å–Ω–æ, —á–µ—Ä–µ–∑ –ø–∞—Ä—É –¥–Ω–µ–π –Ω–∞–º–Ω–æ–≥–æ –ª—É—á—à–µ.",0,1,1
"–ö–∞—Ä—Ç–æ—Ñ–µ–ª—å –≤–µ—Å—å –≤ –ø—Ä–æ–∂–∏–ª–∫–∞—Ö, –ø–æ—Å–ª–µ –≤–∞—Ä–∫–∏-–≤–æ–¥—è–Ω–∏—Å—Ç—ã–π –∏ –Ω–µ–≤–∫—É—Å–Ω—ã–π.",0,0,0
"–ö–ª—É–±–Ω–∏–∫–∞ –Ω–µ —Å–ø–µ–ª–∞—è, –≤–Ω—É—Ç—Ä–∏ –±–µ–ª–∞—è.",0,0,0
–°—É—Ö–æ–µ –º–∞–ª–æ —Å–ª–∞–¥–∫–æ–µ,1,0,0
–ú–Ω–µ –ø–æ–ø–∞–ª–∏—Å—å –∫—Ä–∞–π–Ω–µ —Å—Ç—Ä–∞–Ω–Ω—ã–µ - –≤ –Ω–∏—Ö –∫–∞–∫ –±—É–¥—Ç–æ –ª—é—Ñ–∞ (!!!) - –µ—Å—Ç—å –ø—Ä–æ—Ç–∏–≤–Ω–æ,0,0,0
–ì—Ä—É—à–∏ –Ω–µ —Å–æ–∑—Ä–µ–ª–∏(,0,0,0
–ñ—ë–ª—Ç–∞—è –∏ –ø—É—Å—Ç–∞—è –≤–Ω—É—Ç—Ä–∏,0,0,0
"–º–Ω–µ –Ω—Ä–∞–≤—è—Ç—Å—è —ç—Ç–∏ –æ–≥—É—Ä—Ü—ã, –≤—Å–µ–≥–¥–∞ –º–≤–µ–∂–∏–µ —Å —Ç–æ–Ω–∫–æ–π –∫–æ–∂–µ–π.",1,1,1
–ù–µ —Å–ª–∞–¥–∫–∞—è –∏ –Ω–µ –∞—Ä–æ–º–∞—Ç–Ω–∞—è –∑–∞ —Ç–∞–∫–∏–µ –¥–µ–Ω—å–≥–∏! –ì—Ä—É—Å—Ç–Ω–æ‚Ä¶,1,0,1
"–í —ç—Ç–æ—Ç —Ä–∞–∑ —Å–ª–∏–≤—ã –Ω–µ —Ç–∞–∫–∏–µ –∫–∞–∫ –ø—Ä–∏–≤–æ–∑–∏–ª–∏ –≤ –ø—Ä–æ—à–ª—ã–π —Ä–∞–∑ –∏ –Ω–∞ —Ñ–æ—Ç–æ —Å–ª–∏–≤—ã –¥—Ä—É–≥–∏–µ. –í –ø—Ä–æ—à–ª—ã–π –∑–∞–∫–∞–∑ –±—ã–ª–∏ –º–µ–ª–∫–∏–µ –∏ –º—è–≥–∫–∏–µ, –≤ —ç—Ç–æ—Ç —Ä–æ–∑ –∫—Ä—É–ø–Ω—ã–µ, —Ç–≤–µ—Ä–¥—ã–µ –∏ –∫–∏—Å–ª—ã–µ. –ï—Å—Ç—å –Ω–µ–≤–æ–∑–º–æ–∂–Ω–æ, —Ç–∞–∫ –µ—â–µ –∏ —Å–±–æ—Ä—â–∏–∫–∏ –ø–µ—Ä–µ–ª–æ–∂–∏–ª–∏ –ø–æ –≤–µ—Å—É –≤ 1,5 —Ä–∞–∑–∞. –ß—Ç–æ —Å –Ω–∏–º–∏ —Ç–µ–ø–µ—Ä—å –¥–µ–ª–∞—Ç—å",0,0,0
–ü–æ–∫—É–ø–∞–ª–∞ –∫–∞—Ä—Ç–æ—Ñ–µ–ª—å –Ω–µ–æ–¥–Ω–æ–∫—Ä–∞—Ç–Ω–æ. –í–∫—É—Å–Ω—ã–π –∏ –∫–∞—á–µ—Å—Ç–≤–æ —É—Å—Ç—Ä–∞–∏–≤–∞–µ—Ç.,1,0,1
–ü—Ä–∏–≤–µ–∑–ª–∏ —Å–æ—á–Ω—ã–µ –∏ –≤–∫—É—Å–Ω—ã–µ —è–±–ª–æ–∫–∏,1,1,1
"–°—Ä–µ–¥–Ω–µ–≥–æ —Ä–∞–∑–º–µ—Ä–∞,—Å–≤–µ–∂–∞—è –¥—É—à–∏—Å—Ç–∞—è –∫–ª—É–±–Ω–∏–∫–∞, –±–µ–∑ –ø–æ–≤—Ä–µ–∂–¥–µ–Ω–∏–π. –£–º–µ—Ä–µ–Ω–Ω–æ–π —Å–ª–∞–¥–æ—Å—Ç–∏. –ò–Ω–æ–≥–¥–∞ –ø–æ–ø–∞–¥–∞—é—Ç—Å—è –Ω—É –æ—á–µ–Ω—å —Å–ª–∞–¥–∫–∏–µ —è–≥–æ–¥—ã.",0,0,1
"–ö–∏–≤–∏ –Ω–µ –ø–æ–Ω—Ä–∞–≤–∏–ª–∏—Å—å. –û–Ω–∏ –æ—á–µ–Ω—å —Å–ª–∞–¥–∫–∏–µ, —ç—Ç–æ –ø–ª—é—Å, –Ω–æ —Å–∏–ª—å–Ω–æ –ø–µ—Ä–µ–∑—Ä–µ–≤—à–∏–µ. –ú—è–∫–æ—Ç—å –∂—ë–ª—Ç–∞—è, –ø—Ä–æ–∑—Ä–∞—á–Ω–∞—è. –ü–æ–ª–æ–≤–∏–Ω—É –ø—Ä–∏—à–ª–æ—Å—å —Å—Ä–µ–∑–∞—Ç—å –∏ –≤—ã–±—Ä–æ—Å–∏—Ç—å, –∫ —Å–æ–∂–∞–ª–µ–Ω–∏—é-—Ç–∞–º –±—ã–ª —Ö–∞—Ä–∞–∫—Ç–µ—Ä–Ω—ã–π ""–∏—Å–ø–æ—Ä—á–µ–Ω–Ω—ã–π"" –∑–∞–ø–∞—Ö",0,0,0
"–¢–≤–µ—Ä–¥—ã–µ, –Ω–µ–∑—Ä–µ–ª—ã–µ, —Å–æ–≤–µ—Ä—à–µ–Ω–Ω–æ –±–µ–∑–≤–∫—É—Å–Ω—ã–µ, –Ω–µ —Å–ª–∞–¥–∫–∏–µ, –Ω–µ –ø–∞—Ö–Ω—É—Ç.",0,0,0
"–ú–µ–ª–∫–∏–µ, –æ—á–µ–Ω—å –∞—Ä–æ–º–∞—Ç–Ω—ã–µ, —Å–ª–∞–¥–∫–∏–µ —Å –∫–∏—Å–ª–∏–Ω–∫–æ–π, –∫–æ—Å—Ç–æ—á–µ–∫ –Ω–µ—Ç.",1,1,1
"–ö–æ–Ω–µ—á–Ω–æ, —ç—Ç–æ –µ—â–µ –Ω–µ –ø–µ—Ä—Å–∏–∫–∏ –≤ –ø—Ä–∏–≤—ã—á–Ω–æ–º –ø–æ–Ω–∏–º–∞–Ω–∏–∏, –Ω–æ —Ç–æ–∂–µ –Ω–∏—á–µ–≥–æ",0,0,1
"–ö–∞—á–µ—Å—Ç–≤–æ –æ—Ç–ª–∏—á–Ω–æ–µ: —Å–≤–µ–∂–∏–π, –≤ –º–µ—Ä—É —Å–ª–∞–¥–∫–∏–π, –ø–æ –ó—Ü –æ—Ç–ª–∏—á–Ω–æ",1,1,1
–ù–µ—Å–ø–µ–ª—ã–µ.,0,1,0
–ë–µ–∑–≤–∫—É—Å–Ω—ã–µ,1,1,0
–û–±–∞–ª–¥–µ–Ω–Ω—ã–µ —è–±–ª–æ–∫–∏. –°–æ—á–Ω—ã–µ –∏ —Å–ª–∞–¥–∫–∏–µ!!!‚ù§Ô∏è,1,1,1
"–•–æ—Ä–æ—à–∏–µ, –≤–∫—É—Å–Ω—ã–µ",1,1,1
–•–æ—Ä–æ—à–∏–µ,1,1,1
–ü—Ä–∏–¥—Ä–∞—Ç—å—Å—è –Ω–µ –∫ —á–µ–º—É.–û–≥—É—Ä–µ—Ü –ø–∞—Ö–Ω–µ—Ç –æ–≥—É—Ä—Ü–æ–º –∏ –Ω–∞ –≤–∫—É—Å –Ω–æ—Ä–º–∞–ª—å–Ω—ã–π.,1,0,1
"–ö–∞–∫–æ–π –∂–µ –æ–Ω —Å–ª–∞–¥–∫–∏–π?!
–ó–µ–ª–µ–Ω—ã–π, –Ω–µ–¥–æ–∑—Ä–µ–ª, –∫–∏—Å–ª—è—Ç–∏–Ω–∞, –µ—Å—Ç—å –Ω–µ–≤–æ–∑–º–æ–∂–Ω–æ, –∑—É–±—ã —Å–≤–æ–¥–∏—Ç.",0,0,0
"–û—Ç–≤—Ä–∞—Ç–∏—Ç–µ–ª—å–Ω—ã–µ , –≥–Ω–∏–ª—ã–µ, –º—è–≥–∫–∏–µ, —Ç–µ–∫—É—Ç",0,0,0
"–°—ä–µ–ª–∏, –∫–æ–Ω–µ—á–Ω–æ. –ù–æ –∑–µ–ª–µ–Ω–∞—è, –±–µ–∑–≤–∫—É—Å–Ω–∞—è. –•–æ—Ä–æ—à–æ, —á—Ç–æ –º–∞–ª–æ –∫—É–ø–∏–ª–∞",1,0,0
"–ú–æ–ª–æ–∫–æ –∫–∏—Å–ª–æ–≤–∞—Ç–æ–µ, –≤–Ω—É—Ç—Ä–∏ –ø–ª–µ—Å–µ–Ω—å. –î–µ–Ω—å–≥–∏ –≤ –ø–æ–º–æ–π–∫—É.",0,0,0
–ù–µ –ø–ª–æ—Ö–∏–µ...,0,0,1
"–ß–µ—Å–Ω–æ–∫ –ö–∏—Ç–∞–π. –ù–∞–∑–≤–∞–Ω–∏–µ –≤–≤–æ–¥–∏—Ç –≤ –∑–∞–±–ª—É–∂–¥–µ–Ω–∏–µ. –ü–æ–¥–¥–µ—Ä–∂–∫–∞ —É–≤–µ—Ä—è–ª–∞, —á—Ç–æ –≤ –ø—Ä–æ–¥–∞–∂–µ —Ç–æ–ª—å–∫–æ —Ä–æ—Å—Å–∏–π—Å–∫–∏–π —á–µ—Å–Ω–æ–∫ –ø–æ–∫–∞ –Ω–µ —Å–∫–∏–Ω—É–ª —Ñ–æ—Ç–æ –±–∏—Ä–∫–∏.
–°–∞–º —á–µ—Å–Ω–æ–∫ –Ω–µ–ø–ª–æ—Ö–æ–π, –Ω–æ –ø–æ–¥ –Ω–∞–∑–≤–∞–Ω–∏–µ–º ,,—Ñ–µ—Ä–º–µ—Ä—Å–∫–∏–π,, —Ö–æ—á–µ—Ç—Å—è –æ—Ç–µ—á–µ—Å—Ç–≤–µ–Ω–Ω–æ–≥–æ –ø—Ä–æ–¥—É–∫—Ç–∞, —Ç–µ–º –±–æ–ª–µ–µ —á–µ—Å–Ω–æ–∫–∞",0,0,0
–°–æ–≤–µ—Ä—à–µ–Ω–Ω–æ –Ω–µ –≤–∫—É—Å–Ω–∞—è –∫–∞—Ä—Ç–æ—à–∫–∞,0,0,0
"–ù–∞–ø–∏—Å–∞–Ω–æ —á—Ç–æ —Å–ª–∞–¥–∫–∏–π, –Ω–æ –±–æ–ª—å—à–µ –∫–∏—Å–ª–∏–Ω–∫–∏ —á–µ–º —Å–ª–∞–¥–∫–æ–≥–æ.",0,1,0
"–û—á–µ–Ω—å –º–µ–ª–∫–∏–µ, –Ω–µ–¥–æ–∑—Ä–µ–ª—ã–µ, –≤–∞—Ç–Ω—ã–µ, –∫–æ—Å—Ç–æ—á–∫—É –Ω–µ–≤–æ–∑–º–æ–∂–Ω–æ –æ—Ç–¥–µ–ª–∏—Ç—å. –ü–æ–ª–µ–∂–∞–ª–∏ –æ–¥–∏–Ω –¥–µ–Ω—å –∏ —Å–º–æ—Ä—â–∏–ª–∏—Å—å",0,0,0
–í–∫—É—Å–Ω—ã–π —Å–ª–∞–¥–∫–∏–π,1,1,1
"–∫—Ä–∏–≤–∞—è –≤—Å—è, –≤–∫—É—Å —Å—Ä–µ–¥–Ω–∏–π",0,0,0
"–í–æ –≤–∫—É—Å –≤–∏–ª–ª–µ –¥–∞–∂–µ –∫–∞—Ä—Ç–æ—à–∫–∏ —É–∂–µ –Ω–µ –∫—É–ø–∏—Ç—å. –û–Ω–∞ –ø—Ä–æ—Å—Ç–æ –≤—Å—è –Ω–µ —Å—ä–µ–¥–æ–±–Ω–∞—è - –≤—Å–µ –≤–∞—Ä–∏–∞–Ω—Ç—ã –ø–µ—Ä–µ–ø—Ä–æ–±–æ–≤–∞–ª–∞.
–ú–∞–≥–∞–∑–∏–Ω —Å—Ç–∞–ª –æ—Ç–≤—Ä–∞—Ç–∏—Ç–µ–ª—å–Ω—ã–º , –ø—Ä–æ–¥—É–∫—Ç—ã –Ω–µ –∫–∞—á–µ—Å—Ç–≤–µ–Ω–Ω—ã–µ, —Å—Ç—Ä–∞—à–Ω–æ –µ—Å—Ç—å",0,0,0
–í–∫—É—Å–Ω–∞—è —Å–ª–∏–≤–∞,1,1,1
"–í–∏–Ω–æ–≥—Ä–∞–¥ –≤—Å–µ-—Ç–∞–∫–∏ –Ω–µ —Å–ª–∞–¥–∫–∏–π, –∞ —Å–∫–æ—Ä–µ–µ –∫–∏—Å–ª–æ-—Å–ª–∞–¥–∫–∏–π. –Ø –±—ã –∏—Å–ø—Ä–∞–≤–∏–ª–∞ –æ–ø–∏—Å–∞–Ω–∏–µ –≤ –ø—Ä–∏–ª–æ–∂–µ–Ω–∏–∏",0,0,1
"–ó–∞–∫–∞–∑—ã–≤–∞—é —á–∞—Å—Ç–æ —ç—Ç–æ—Ç —Å–æ—Ä—Ç, –æ–±—ã—á–Ω–æ –º–∞–Ω–¥–∞—Ä–∏–Ω—ã –∫—Ä—É–ø–Ω—ã–µ, —Å —Ç–æ–ª—Å—Ç–æ–π –∫–æ–∂—É—Ä–æ–π –∏ —Å–ª–∞–¥–∫–∏–µ. –í —ç—Ç–æ—Ç —Ä–∞–∑ –ø—Ä–∏–≤–µ–∑–ª–∏ –º–µ–ª–∫–∏–µ, –∑–µ–ª–µ–Ω—ã–µ, —Å —Ç–æ–Ω–∫–æ–π –∫–æ–∂—É—Ä–æ–π –∏ –Ω–µ–≤–∫—É—Å–Ω—ã–µ((",0,0,0
"–ü–µ—Ä–µ—Ü –ø—Ä–µ—Å–Ω—ã–π, –Ω–µ —Å–ª–∞–¥–∫–∏–π. –ó–∞ —Ç–∞–∫–∏–µ —Ç–æ –¥–µ–Ω—å–≥–∏",0,0,1
"–°–∞–º—ã–µ –≤–∫—É—Å–Ω—ã–µ, —Å–æ—á–Ω—ã–µ –∏ —Å–∞–º—ã–µ –º—è–≥–∫–∏–µ –≥—Ä—É—à–∏. –ë–µ—Ä—É —Ç–æ–ª—å–∫–æ –∏—Ö",1,1,1
"–•–æ—Ä–æ—à–∏–π –≤–∏–Ω–æ–≥—Ä–∞–¥. –ö–∏—Å–ª–æ-—Å–ª–∞–¥–∫–∏–π, –¥–µ–π—Å—Ç–≤–∏—Ç–µ–ª—å–Ω–æ –±–µ–∑ –∫–æ—Å—Ç–æ—á–µ–∫",1,1,1
"–ü–µ—Ä—Å–∏–∫–∏ –Ω–µ–ø–ª–æ—Ö–∏–µ,–Ω–æ —è —Å–∞–º–∞ –≤—ã–±–∏—Ä–∞–ª–∞ –≤ –º–∞–≥–∞–∑–∏–Ω–µ)",1,0,1
–ü–æ–ø–∞–ª—Å—è —Å–ª–∞–¥–µ–Ω—å–∫–∏–π),1,1,1
–°–ª–∞–¥–∫–∏–µ –æ—Ç–ª–∏—á–Ω—ã–µ –º–∞–Ω–¥–∞—Ä–∏–Ω—ã!,1,1,1
"–°–≤–µ–∫–ª–∞ —Å –∫–∏—Å–ª–æ–≤–∞—Ç—ã–º –ø—Ä–∏–≤–∫—É—Å–æ–º, –Ω–µ —Å–æ–æ—Ç–≤–µ—Ç—Å—Ç–≤—É–µ—Ç —Å–≤–æ–µ–π —Ü–µ–Ω–µ",0,0,0
"–ú–æ—Ä–∫–æ–≤—å —Ö–æ—Ä–æ—à–∞—è, –Ω–æ —Ä–∞–Ω—å—à–µ –±—ã–ª–∞ –º–∞–ª–µ–Ω—å–∫–∞—è –∏ —Å—Ä–µ–¥–Ω—è—è, —Å–µ–π—á–∞—Å –≥–∏–≥–∞–Ω—Ç—ã, –Ω–µ —É–¥–æ–±–Ω–æ –µ–º–ª–∏ –≥–æ—Ç–æ–≤–∏—à—å –Ω–µ –º–Ω–æ–≥–æ",0,0,1
"–£–∂–∞—Å–Ω–æ –∫–∏—Å–ª—ã–π –≤–∏–Ω–æ–≥—Ä–∞–¥, –º–µ–ª–∫–∞—è —è–≥–æ–¥–∞! –°–æ–≤–µ—Ä—à–µ–Ω–Ω–æ –Ω–µ —Å–æ–æ—Ç–≤–µ—Ç—Å—Ç–≤—É–µ—Ç –æ–ø–∏—Å–∞–Ω–∏—é!",0,0,0
"–û—á–µ–Ω—å –≤–∫—É—Å–Ω—ã–µ, —Å–ª–∞–¥–∫–∏–µ –∏ —Ö—Ä—É—Å—Ç—è—â–∏–µ —è–±–ª–æ—á–∫–∏, –æ—á–µ–Ω—å —Å–æ—á–Ω—ã–µ –∏ –∫—Ä—É–ø–Ω—ã–µ!",1,1,1
"–í–∫—É—Å–Ω—ã–π, —Ä–∞—Å—Å—ã–ø—á–∞—Ç—ã–π –∫–∞—Ä—Ç–æ—Ñ–µ–ª—å",0,1,1
"–í–∑—è–ª–∞ –ø–æ –ó–¶, –ø—Ä–∏–≤–µ–∑–ª–∏ –æ—Ç–ª–∏—á–Ω—ã–µ —Å–ø–µ–ª—ã–µ, —Å–ª–∞–¥–∫–∏–µ –∏ —Å–æ—á–Ω—ã–µ –∫–∏–≤–∏",1,1,1
"–û—á–µ–Ω—å –∫–∏—Å–ª—ã–π, –µ—Å—Ç—å –Ω–µ–≤–æ–∑–º–æ–∂–Ω–æ, —à–∫—É—Ä–∫–∞ —Ä–µ–∑–∏–Ω–æ–≤–∞—è",0,0,0
–°–≤–µ–∂–∞—è!,1,1,1
"—Ç–∞–∫ —Å–µ–±–µ –Ω–∞ –≤–∫—É—Å, —Å —Ç–µ–º–Ω—ã–º–∏ –ø—è—Ç–Ω–∞–º–∏, —Ç–æ–ª—å –º—è—Ç—ã–µ, —Ç–æ –ª–∏ –ø–æ—Ä—á–µ–Ω–Ω—ã–µ",0,0,1
–æ—á–µ–Ω—å –≤–∫—É—Å–Ω—ã–π –∏ —Å–≤–µ–∂–∏–π,1,1,1
"–ò—Å–ø–æ—Ä—Ç–∏–ª—Å—è –≤–∫—É—Å , –Ω–∞–≤–µ—Ä–Ω–æ–µ –ø–æ–º–µ–Ω—è–ª—Å—è –ø–æ—Å—Ç–∞–≤—â–∏–∫",0,0,0
–í–∏–Ω–æ–≥—Ä–∞–¥ –ø—Ä–æ—Å—Ç–æ —Å—É–ø–µ—Ä! –û—á–µ–Ω—å –≤–∫—É—Å–Ω—ã–π –∏ —Å–ª–∞–¥–∫–∏–π,1,1,1
–í–∫—É—Å–Ω—ã–π! –ù–∞—Å—Ç–æ—è—â–∏–π –∫–∞—Ä—Ç–æ—Ñ–µ–ª—å,1,1,1
"–î–æ–≤–æ–ª—å–Ω–æ —Å–≤–µ–∂–∏–µ, —Å–æ–≤—Å–µ–º –Ω–µ –≤—è–ª—ã–µ.",0,0,1
–û—á–µ–Ω—å –∫–∏—Å–ª—ã–π. –î–µ—Ç–∏ –æ—Ç–∫–∞–∑–∞–ª–∏—Å—å –µ—Å—Ç—å,0,0,0
–ö–∏—Å–ª—ã–π,0,0,0
–û—Ç–ª–∏—á–Ω—ã–π —á–µ—Å–Ω–æ–∫,1,1,1
–ù–µ –ø–æ–≤–µ–∑–ª–æ. :(,0,0,0
"–í–∫—É—Å–∞ –Ω–µ—Ç –æ—Ç —Å–ª–æ–≤–∞ —Å–æ–≤—Å–µ–º, –∫–∞—Ä—Ç–æ—à–∫–∞ —Å—ã—Ä–∞—è –≤–∫—É—Å–Ω–µ–µ",0,1,0
–ü–µ—Ä–≤—ã–π —Ä–∞–∑ –±—ã–ª–∏ –∫—Ä—É–ø–Ω—ã–µ. –í—Ç–æ—Ä–æ–π —Ä–∞–∑ –∑–∞–∫–∞–∑–∞–ª–∞ - –ø—Ä–∏–µ—Ö–∞–ª–∏ –º–µ–ª–∫–∏–µ. –û—á–µ–Ω—å –º–∞–ª–µ–Ω—å–∫–æ–≥–æ —Ä–∞–∑–º–µ—Ä–∞. –¢–æ–≤–∞—Ä –Ω–µ —Å–æ–æ—Ç–≤–µ—Ç—Å—Ç–≤—É–µ—Ç –æ–ø–∏—Å–∞–Ω–∏—é.,0,0,0
"–ö–∞–ø—É—Å—Ç–∞ —Å—É–ø–µ—Ä
–ò –≤ —Å—É–ø –ø–æ—à–ª–∞
–ò –ø–æ—Ö—Ä—É—Å—Ç–µ—Ç—å
–ò –µ—â–µ –ø–æ–ª –∫–∞—á–∞–Ω–∞ –æ—Å—Ç–∞–ª–æ—Å—å –ø–æ—Ç—É—à–∏—Ç—å )",1,1,1
"–ó–∞–∫–∞–∑—ã–≤–∞–ª–∞ –Ω–µ –æ–¥–∏–Ω —Ä–∞–∑ –∏ –≤—Å–µ–≥–¥–∞ –ø—Ä–∏–≤–æ–∑–∏–ª–∏ —Ö–æ—Ä–æ—à—É—é, –≤–∫—É—Å–Ω—É—é –∫–∞–ø—É—Å—Ç—É.",1,0,1
–í–∫—É—Å–Ω—ã–π –∞–±—Å–æ–ª—é—Ç–Ω–æ.,1,1,1
"–í–∫—É—Å–Ω—ã–µ –æ—á–µ–Ω—å.
–°–ø–∞—Å–∏–±–æ –±–æ–ª—å—à–æ–µ!",1,1,1
"–≤–æ–æ–±—â–µ –≤ —ç—Ç–æ—Ç —Ä–∞–∑ –∞–Ω–∞–Ω–∞—Å —Ä–∞–∑–æ—á–∞—Ä–æ–≤–∞–ª, –æ–Ω –∫–∏—Å–ª—ã–π –∏ –æ—á–µ–Ω—å —Ç–≤–µ—Ä–¥—ã–Ω —á—Ç–æ –Ω–µ–≤–æ–∑–º–æ–∂–Ω–æ –∂–µ–≤–∞—Ç—å –Ω–∞ –¥–Ω–µ –∫–æ—Ä–æ–±–æ—á–∫–∏ –æ—á–µ–Ω—å –º–Ω–æ–≥–æ –∂–∏–¥–∫–æ—Å—Ç–∏, –ø–æ–¥–æ–∑—Ä–µ–≤–∞—é –≤ –Ω–µ —Å–≤–µ–∂–µ—Å—Ç–∏(",0,0,0
"–æ–±—ã—á–Ω—ã–π –∫–∏—Ç–∞–π—Å–∫–∏–π —á–µ—Å–Ω–æ–∫ , –¥–∞ –µ—â–µ –Ω–µ –ø–µ—Ä–≤–æ–π —Å–≤–µ–∂–µ—Å—Ç–∏ –ø–æ —Ü–µ–Ω–µ –º–æ–ª–æ–¥–æ–≥–æ —á–µ—Å–Ω–æ–∫–∞ .
–ó–∞—á–µ–º —Ç–∞–∫ –æ–±–º–∞–Ω—ã–≤–∞—Ç—å –ø–æ–∫—É–ø–∞—Ç–µ–ª–µ–π ?",0,0,0
"–£–∂–µ –≤—Ç–æ—Ä–æ–π —Ä–∞–∑ –ø–æ–∫—É–ø–∞—é —ç—Ç–æ—Ç –≤–∏–Ω–æ–≥—Ä–∞–¥, –ø–æ—Ç–æ–º—É —á—Ç–æ —Å –≤–∏–¥—É –æ–Ω —Ö–æ—Ä–æ—à–∏–π. –ù–æ –∫–æ–≥–¥–∞ –Ω–∞—á–∏–Ω–∞–µ—à—å –º—ã—Ç—å - –¥–æ–±—Ä–∞—è –ø–æ–ª–æ–≤–∏–Ω–∞ –≤ —Å–µ—Ä–µ–¥–∏–Ω–µ –≤–µ—Ç–∫–∏ –∏—Å–ø–æ—Ä—á–µ–Ω–Ω–∞—è. –î–µ–Ω—å–≥–∏ –Ω–∞ –≤–µ—Ç–µ—Ä",0,0,0
"–í–æ–∑–º–æ–∂–Ω–æ –∫—É—Ä—å–µ—Ä –ø–æ–¥–ø–æ—Ä—Ç–∏–ª –≤–∏–¥ –∫–ª—É–±–Ω–∏—á–µ–∫ –¥–æ—Å—Ç–∞–≤–∫–æ–π
–ù–æ –≤–æ–∑–º–æ–∂–Ω–æ —Ç–∞–∫—É—é –∏ –ø—Ä–æ–¥–∞—é—Ç
–ò–∑ 5 –∫–ª—É–±–Ω–∏—á–µ–∫ ,2 –≤—ã–∫–∏–Ω—É–ª–∞",0,0,0
–í–µ—Å—å —á–µ—Å–Ω–æ–∫ –∏—Å–ø–æ—Ä—á–µ–Ω,0,0,0
"–û—Ç–ª–∏—á–Ω—ã–µ, –Ω–∞—Å–ª–∞–∂–¥–µ–Ω–∏–µ –ø—Ä–æ—Å—Ç–æ. –°–ª–∞–¥–∫–∏–µ, —Å–æ—á–Ω—ã–µ. –†–µ–¥–∫–æ —Ç–∞–∫–∏–µ –∫—É–ø–∏—à—å.",1,1,1
–°—ä–µ–ª–∞ —Å —É–¥–æ–≤–æ–ª—å—Å—Ç–≤–∏–µ–º. –°–ø–∞—Å–∏–±–æ!,1,1,1
–ë—Ä–∞–ª–∞ –ø–æ –ó–¶. –û—á–µ–Ω—å –≤–∫—É—Å–Ω—ã–µ —Å–ª–∞–¥–∫–∏–µ –±–∞–Ω–∞–Ω—ã.,1,1,1
–í—Ä–æ–¥–µ –Ω–æ—Ä–º–∞–ª—å–Ω–∞—è,0,0,1
–ö–∞–∫–æ–π-—Ç–æ –¥—Ä—É–≥–æ–π –æ–≥—É—Ä–µ—Ü –≤–Ω—É—Ç—Ä–∏ –∂—ë–ª—Ç—ã–π –≥–æ—Ä–∫–æ–≤–∞—Ç–æ –Ω–∞ –≤–∫—É—Å —Ä–∞–∑–æ—á–∞—Ä–æ–≤–∞–Ω–∞ –ø–æ–∫—É–ø–∫–æ–π,0,0,0
"–•–æ—Ä–æ—à–∏–µ –æ–≥—É—Ä—Ü—ã,–∫—Ä–µ–ø–∫–∏–µ, —Å–≤–µ–∂–∏–µ!",1,1,1
"–ò–∑ 0.5 –∫–≥ (3 —è–±–ª–æ–∫–∞) –ø–æ–ª—É—á–∏–ª—Å—è —Å—Ç–∞–∫–∞–Ω —Å–æ–∫–∞. –°–æ–∫ —Å –Ω–µ–±–æ–ª—å—à–æ–π –∫–∏—Å–ª–∏–Ω–∫–æ–π, –Ω–∞ –ª—é–±–∏—Ç–µ–ª—è, –Ω–µ –æ—á–µ–Ω—å –ø–æ–Ω—Ä–∞–≤–∏–ª—Å—è. –ï—Å—Ç—å —Å–æ—Ä—Ç–∞ –±–æ–ª–µ–µ –ø–æ–¥—Ö–æ–¥—è—â–∏–µ –¥–ª—è —Å–æ–∫–∞",0,0,1
–ö–∏—Å–ª—è—Ç–∏–Ω–∞,0,0,0
"–û–û–û –ü–†–û–í–ò–ù–¶–ò–Ø. –°–ø–µ–ª—ã–µ —Å–ª–∞–¥–∫–∏–µ –≤–∫—É—Å–Ω—ã–µ —è–±–ª–æ–∫–∏ —Å—Ä–µ–¥–Ω–µ–≥–æ —Ä–∞–∑–º–µ—Ä–∞ –ø–æ –∑/—Ü. –ù–∏ –æ–¥–Ω–æ–≥–æ –≥–Ω–∏–ª–æ–≥–æ, –ø–∞—Ä–æ—á–∫–∞ —Å –Ω–µ–±–æ–ª—å—à–∏–º –±–æ—á–∫–æ–º –æ—Ç —É–¥–∞—Ä–∞. –ü—Ä–∏—è—Ç–Ω–æ —É–¥–∏–≤–ª–µ–Ω–∞ - –æ–∂–∏–¥–∞–ª–∞ –∫–∞—á–µ—Å—Ç–≤–æ —Ö—É–∂–µ, —Å—É–¥—è –ø–æ –æ—Ç–∑—ã–≤–∞–º.",0,0,1
"4 —Ç–æ–ª—å–∫–æ –∏–∑-–∑–∞ —Ü–µ–Ω—ã, –∞ —Ç–∞–∫ –≤—ã—à–µ –≤—Å—è–∫–∏—Ö –ø–æ—Ö–≤–∞–ª!",1,1,1
"–ò—Ä–∞–Ω—Å–∫–∏–µ –≤ —ç—Ç–æ –≤—Ä–µ–º—è –ø–æ –ø–ª–∞–Ω—É –¥–æ–ª–∂–Ω—ã –±—ã—Ç—å —Å–ø–µ–ª—ã–µ, –Ω–æ –Ω–µ—Ç. –†–æ–∑–æ–≤–∞—è –≤–æ–¥–∏—á–∫–∞( –¥–æ—Ä–æ–≥–∞—è —Ä–æ–∑–æ–≤–∞—è –≤–æ–¥–∏—á–∫–∞",0,0,0
"–í–∫—É—Å–Ω—ã–µ, —Å–æ—á–Ω—ã–µ",1,1,1
–í–∫—É—Å–Ω—ã–µ –±–∞–Ω–∞–Ω—ã.,1,1,1
–û—á–µ–Ω—å –≤–∫—É—Å–Ω–∞—è —Å–ª–∏–≤–∞,1,1,1
"–ü—Ä–∞–∫—Ç–∏—á–µ—Å–∫–∏ –≤—Å—è –∫–∞—Ä—Ç–æ—à–∫–∞ –∑–µ–ª–µ–Ω–∞—è, –∏–∑ –¥–≤—É—Ö —è—â–∏–∫–æ–≤ –≤—ã–±—Ä–∞–ª–∏ –≤—Å–µ–≥–æ –Ω–µ—Å–∫–æ–ª—å–∫–æ —à—Ç—É–∫ –Ω–æ—Ä–º–∞–ª—å–Ω—ã—Ö",0,0,0
–≥–Ω–∏–ª–æ–µ,0,0,0
"–í—ã–±—Ä–∞–ª–∏ 2 —à—Ç. –≤ –º–∞–≥–∞–∑–∏–Ω–µ, –ø–æ–ª–æ–∂–∏–ª–∏ –Ω–∞ –Ω–µ–¥–µ–ª—é, –Ω–æ –æ–Ω–∏ –æ—Å—Ç–∞–ª–∏—Å—å –¥–µ—Ä–µ–≤—è–Ω–Ω—ã–º–∏(( –Ω–∞ –≤—ã–±—Ä–æ—Å –ø–æ—à–ª–∏((",0,0,0
"–ü—Ä–∏–≤–µ–∑–ª–∏ —Å–µ–≥–æ–¥–Ω—è, –æ—á–µ–Ω—å –∂–µ—Å—Ç–∫–∏–µ",0,0,0
–ë–µ–∑–≤–∫—É—Å–Ω—ã–µ,1,1,0
"–ñ–µ—Å—Ç–∫–∏–µ, –±–µ–∑–≤–∫—É—Å–Ω—ã–µ, –±–µ–∑ –∑–∞–ø–∞—Ö–∞. –ù–µ —Ä–µ–∫–æ–º–µ–Ω–¥—É—é!",0,0,0
–•–æ—Ä–æ—à–∏–π –∫–∞—Ä—Ç–æ—Ñ–µ–ª—å,1,1,1
–°—É—Ö–∏–µ‚Ä¶,0,0,0
"–ì–Ω–∏–ª–∞—è, –≤–æ–¥—è–Ω–∏—Å—Ç–∞—è. –ò–∑ –ª–æ—Ç–∫–∞ –ø—Ä–∏—à–ª–æ—Å—å –≤—ã–±—Ä–æ—Å–∏—Ç—å 12 —à—Ç—É–∫ - –ø–æ—á—Ç–∏ –ø–æ–ª–æ–≤–∏–Ω–∞.",0,0,0
"–ù–∞ –≤–∏–¥ –æ—á–µ–Ω—å –ø—Ä–∏–≤–ª–µ–∫–∞—Ç–µ–ª—å–Ω–∞—è. –°–æ—á–Ω–∞—è –∏ —Å–ª–∞–¥–∫–∞—è , –Ω–æ –≤–∫—É—Å–∞ —Å–ª–∏–≤—ã –≤ –Ω–µ–π –Ω–µ—Ç . –û—â—É—â–µ–Ω–∏–µ —á—Ç–æ –≥–ª–æ—Ç–Ω—É–ª —Å–ª–∞–¥–∫–æ–π –≤–æ–¥—ã. –ê —Å—Ç–æ–∏—Ç —Ç–∞–∫–∞—è —Å–ª–∞–¥–∫–∞—è –≤–æ–¥–∞ –Ω–µ –º–∞–ª–æ.",1,1,0
"–ü—Ä–∏–≤–µ–∑–ª–∏ –∫–∞–∫–∏–µ —Ç–æ –¥—Ä—É–≥–∏–µ, –Ω–µ —Ç–∞–∫–∏–µ –∫–∞–∫ —Ä–∞–Ω—å—à–µ –≤ . –ú–µ–ª–∫–∏–µ. 1 –∏—Å–ø–æ—Ä—á–µ–Ω",0,0,1
–†–∞–∑–º–µ—Ä –º–∞–Ω–¥–∞—Ä–∏–Ω–æ–≤ 3 —Å–º.,0,0,0
"–ü–æ—Å–ª–µ–¥–Ω–∏–µ 2 –ø–æ—Å—Ç–∞–≤–∫–∏ –Ω–µ —Å–ª–∞–¥–∫–∏–π, –Ω–µ–¥–æ–∑—Ä–µ–ª",0,0,0
–°–≤–µ–∂–∏–π –≤–∫—É—Å–Ω—ã–π,1,1,1
"–° –ø—è—Ç–Ω–∞–º–∏,–≤—è–ª–∞—è –º–æ—Ä–∫–æ–≤—å
–ù–µ–∫–æ–Ω–¥–∏—Ü–∏—è, —Ç–∞–∫—É—é —Ç–æ–ª—å–∫–æ –≤—ã–±—Ä–æ—Å–∏—Ç—å",0,0,0
"–°—Ç–∞—Ä—ã–µ, –∫–≤–µ–ª—ã–µ —è–±–ª–æ–∫–∏",0,0,0
–ù–æ—Ä–º,0,0,1
"–ö–∞–ø—É—Å—Ç–∞ –æ—á–µ–Ω—å –≥–æ—Ä—å–∫–∞—è, –ø—Ä—è–º –µ—Å—Ç—å –Ω–µ–≤–æ–∑–º–æ–∂–Ω–æ –≤ —Å—ã—Ä–æ–º –≤–∏–¥–µ",0,0,0
–≠—Ç–æ —Å–æ–≤—Å–µ–º –Ω–µ —Ñ–µ—Ä–º–µ—Ä—Å–∫–∏–π —á–µ—Å–Ω–æ–∫. –ö–∏—Ç–∞–π 100%,0,0,0
"–Ω–∞ –º–æ–π –≤–∫—É—Å –∫–∏—Å–ª–æ–≤–∞—Ç—ã–π, –Ω–æ –≤–æ–æ–±—â–µ —Ö–æ—Ä–æ—à–∏–π",1,1,0
–û—á–µ–Ω—å —Ç–≤–µ—Ä–¥–∞—è –º—è–∫–æ—Ç—å,0,0,1
"–û—Å–Ω–æ–≤–∞–Ω–∏–µ –æ–≥—É—Ä—Ü–∞ —Å–º–æ—Ä—â–µ–Ω–Ω–æ–µ –∏ –º—è–≥–∫–æ–µ, –ø–æ–ª–Ω–æ–µ —Ä–∞–∑–æ—á–∞—Ä–æ–≤–∞–Ω–∏–µ. –¢–∞–∫–∏–µ –æ–≥—É—Ä—Ü—ã —Ç–æ–ª—å–∫–æ –º–∏–Ω—É—Å 40 –Ω–∞–¥–æ –ø—Ä–æ–¥–∞–≤–∞—Ç—å",0,0,0
"–î–æ–ª–≥–æ –≤–∞—Ä–∏—Ç—Å—è, —Å—Ç—Ä–∞–Ω–Ω–∞—è",0,0,0
–•–æ—Ä–æ—à–∞—è,1,1,1
"–û—á–µ–Ω—å –≤–∫—É—Å–Ω–æ! –°–ª–∞–¥–∫–∏–µ, —Å–æ—á–Ω—ã–µ, —Å–ø–µ–ª—ã–µ! –ù–æ –¥–æ—Ä–æ–≥–æ",1,1,1
–ß–µ—Å–Ω–æ–∫ —Ñ–µ—Ä–º–µ—Ä—Å–∫–∏–π –∑–∞–ø–∞—Ö –ø—Ä–µ–≤–æ—Å—Ö–æ–¥–Ω—ã–π –æ—Ç–ª–∏—á–Ω—ã–µ –∫–∞—á–µ—Å—Ç–≤–∞ —Ä–µ–∫–æ–º–µ–Ω–¥—É—é,1,1,1
–ù–µ –æ—Å–æ–±–æ –≤–∫—É—Å–Ω—ã–µ.,0,0,0
"–£–∂–∞—Å–Ω—ã–π –≤–∫—É—Å –ø–ª–∞—Å—Ç–∏–∫–∞, –∞ –Ω–µ –≤–∏–Ω–æ–≥—Ä–∞–¥–∞. –¢–∞–∫–æ–≥–æ –≥.. –Ω–µ –µ–ª–∞ –≤ –∂–∏–∑–Ω–∏.",0,0,0
"–í –ø–µ—Ä–≤—ã–π —Ä–∞–∑ –ø—Ä–∏–≤–µ–∑–ª–∏ –Ω–æ—Ä–º–∞–ª—å–Ω—É—é —Å–ª–∞–¥–∫—É—é,–∞ –ø–æ—Ç–æ–º –∫–∏—Å–ª—É—é –∏ –ø–ª–æ—Ç–Ω—É—é –ª–µ–∂–∞–ª–∞ –ø–∞—Ä—É –¥–Ω–µ–π –Ω–µ –¥–æ–∑—Ä–µ–ª–∞",0,0,0
"–ù–µ –ø–æ–≤–µ–∑–ª–æ, –¥–∞–Ω–Ω–∞—è –∫–ª—É–±–Ω–∏–∫–∞ –Ω–µ —Å–ª–∞–¥–∫–∞—è –æ—Ç —Å–ª–æ–≤–∞ —Å–æ–≤—Å–µ–º (–û–û–û –ü—Ä–æ–≤–∏–Ω—Ü–∏—è), —Ç–æ–ª—å–∫–æ —ç—Å—Ç–µ—Ç–∏—á–µ—Å–∫–æ–µ –Ω–∞—Å–ª–∞–∂–¥–µ–Ω–∏–µ. –ê –≤–æ—Ç –∫–ª—É–±–Ω–∏–∫–∞ –æ—Ç 27 –∞–ø—Ä–µ–ª—è (–ò–ü –í–µ—Ä–±–∏–Ω–∞)–ø—Ä–µ–ª–µ—Å—Ç—å –∏ –∞—Ä–æ–º–∞—Ç –∏ —Å–ª–∞–¥–æ—Å—Ç—å.",1,0,0
"–°–ª–∞–¥–∫–∏–µ, –≤–∫—É—Å–Ω—ã–µ, –º–æ–∂–µ—Ç –ø–∞—Ä—Ç–∏–µ–π –ø–æ–ø–∞–ª–æ—Å—å, –Ω–æ –æ–¥–Ω–æ–∑–Ω–∞—á–Ω–æ —Å—Ç–æ–∏—Ç –±—Ä–∞—Ç—å",1,1,1
"–ù–µ —Å–æ—á–Ω—ã–µ, –≤–∞—Ç–Ω—ã–µ –ø–µ—Ä—Å–∏–∫–∏",0,0,0
–°—É—Ö–∞—è –∏ –±–µ–∑–≤–∫—É—Å–Ω–∞—è üòî,1,1,0
"–ú–∞–Ω–¥–∞—Ä–∏–Ω—ã —É–∂–µ –≤—ã—Å–æ—Ö–ª–∏ , –∫ —Å–æ–∂–∞–ª–µ–Ω–∏—é",0,0,0
"–ó–∞–∫–∞–∑–∞–ª–∞ –º–∞–Ω–¥–∞—Ä–∏–Ω—ã –ù–∞–¥–æ—Ä–∫–æ—Ç—Ç, –ø—Ä–∏–≤–µ–∑–ª–∏ –Ω–µ —Ç–µ –º–∞–Ω–¥–∞—Ä–∏–Ω—ã, –∫–∞–∫—É—é- –º–µ–ª–æ—á—å —Ü–µ–ª—ã–π –ø–∞–∫–µ—Ç. –ò–ª–∏ –≤–∞—à–∏ –≤–∞—Å–æ–≤—â–∏–∫–∏ –¥—É–º–∞—é—è, —á—Ç–æ —á–µ–ª–æ–∞–µ–∫ –∑–∞–∫–∞–∑—ã–≤–∞–µ—Ç –∏ –º–æ–∂–Ω–æ –µ–≥–æ –æ–±–º–∞–Ω—ã–≤–∞—Ç—å, –≤—Å—è–∫—É—é ***** –Ω–∞–∫–ª–∞–¥—ã–≤–∞—Ç—å, —Å—Ç–æ –ø–µ—Ä–≤–æ–µ –ø–æ–ø–∞–¥–µ—Ç—å—Å—è –ø–æ–¥ —Ä—É–∫–∏. –Ø, —á—Ç–æ –Ω–µ–∑–Ω–∞—é, –∫–∞–∫ –≤—ã–≥–ª—è–¥—è—Ç –º–∞–Ω–¥–∞—Ä–∏–Ω—ã —ç—Ç–æ–≥–æ —Å–æ—Ä—Ç–∞. –í—á–µ—Ä–∞, —Ç–∞–∫ –∂–µ –∑–∞–∫–∞–∑—ã–≤–∞–ª–∞ –ø—Ä–∏–≤–µ–∑–ª–∏ –∫—Ä—É–ø–Ω—ã–µ –∏ —Ö–æ—Ä–æ—à–∏–µ.",0,0,0
–ü–æ –≤–∫—É—Å—É - —Ç—Ä–∞–≤–∞( –ø—Ä—è–º —Å–æ–≤—Å–µ–º —Ç—Ä–∞–≤–∞,0,1,0
"–ê—Ä–±—É–∑ –±–µ–∑–≤–∫—É—Å–Ω—ã–π, —Ö–æ—Ç—è –ø–æ –≤–∏–¥—É –∏ –∑–≤—É–∫—É —Å–ø–µ–ª—ã–π.",0,0,0
"–°–ø–µ–ª—ã–µ, —Å–æ—á–Ω—ã–µ, –∞—Ä–æ–º–∞—Ç–Ω—ã–µ, –º—è–≥–∫–∏–µ, —Å–ª–∞–¥–∫–∏–µ, –Ω–æ —É—Å—Ç–∞–≤—à–∏–µ, –¥–æ–ª–≥–æ –ª–µ–∂–∞–ª–∏ –¥–æ–∑—Ä–µ–≤–∞–ª–∏ –≤ –º–∞–≥–∞–∑–∏–Ω–µ.",1,1,1
"–ú–∞–Ω–¥–∞—Ä–∏–Ω—ã —Å–ª–∞–¥–∫–∏–µ, –Ω–æ –æ—â—É—â–µ–Ω–∏–µ –±—É–¥—Ç–æ –ø–µ—Ä–µ–∑—Ä–µ–ª–∏",0,1,1
"–°–≤–µ–∂–∏–µ, –≤–∫—É—Å–Ω—ã–µ –±–∞–Ω–∞–Ω—ã",1,1,1
"–û—á–µ–Ω—å –º–Ω–æ–≥–æ –∏—Å–ø–æ—Ä—á–µ–Ω–Ω—ã—Ö —è–≥–æ–¥, –∏ –Ω–µ —Å–ª–∞–¥–∫–∞—è –≤–æ–æ–±—â–µ,–∞ –∫–∏—Å–ª–∞—è",0,0,0
–ù–æ—Ä–º–∞–ª—å–Ω—ã–π,1,1,1
"–ì–æ—Ä—å–∫–∞—è –∫–æ–∂–∏—Ü–∞, –ø–æ—Å–ª–µ –Ω–∏—Ö —â–∏–ø–µ—Ç —Ä–æ—Ç. –ö–∞–∫–∏–µ-—Ç–æ —Ö–∏–º–æ–∑–Ω—ã–µ",0,0,0
–°—É—Ö–∏–µ –∏ –Ω–µ —Å–æ—á–Ω—ã–µ,0,0,0
–°–ª–∞–¥–∫–∏–µ! –°—É–ø–µ—Ä!,1,1,1
–ö–∏—Å–ª—ã–π –∏ –≤—è–ª—ã–π.,0,0,0
–°–æ–≤—Å–µ–º –Ω–µ –º—ã—Ç–∞—è,0,0,0
"–ü–æ–∫—É–ø–∞–ª–∏ —É–∂–µ –Ω–µ—Å–∫–æ–ª—å–∫–æ —Ä–∞–∑, –æ—Ç–ª–∏—á–Ω–∞—è –¥—ã–Ω—è. –°–ª–∞–¥–∫–∞—è, –∫—Ä–µ–ø–∫–∞—è, –ª–µ—Ç–æ–º –Ω–µ –≤—Å–µ–≥–¥–∞ —Ç–∞–∫—É—é –∫—É–ø–∏—à—å.",1,1,1
"–†–∞–∑ –Ω–∞ —Ä–∞–∑ –Ω–µ –ø—Ä–∏—Ö–æ–¥–∏—Ç—Å—è. –ë—ã–≤–∞–µ—Ç, –ø—Ä–∏–≤–æ–∑—è—Ç –∑–µ–ª—ë–Ω—ã–µ –±–∞–Ω–∞–Ω—ã —Å–æ –≤–∫—É—Å–æ–º —Ç—Ä–∞–≤—ã, –±—ã–≤–∞–µ—Ç –æ—Ç–ª–∏—á–Ω—ã–µ —Å–ø–µ–ª—ã–µ",1,0,0
–ù–µ —Å–ª–∞–¥–∫–∞—è —Å–æ–≤–µ—Ä—à–µ–Ω–Ω–æ,0,0,1
"–í–∫—É—Å–Ω—ã–µ, —Å–ª–∞–¥–∫–∏–µ, –Ω–æ –Ω–µ–º–Ω–æ–≥–æ –º—è–≥–∫–æ–≤–∞—Ç—ã",1,1,1
–ü—Ä–∏–µ—Ö–∞–ª–∏ –∞–±—Å–æ–ª—é—Ç–Ω–æ —Å—É—Ö–∏–µ :(,0,0,0
"–ü—Ä–µ—Å–Ω—ã–π, —Ç—Ä–∞–≤–∞ –Ω–∞ –≤–∫—É—Å. –ö—É–ø–∏–ª–∞ –≤ —Ä–∞–∑–Ω—ã—Ö –º–µ—Å—Ç–∞—Ö, –≤–∫—É—Å –æ–¥–∏–Ω–∞–∫–æ–≤—ã–π.",0,0,0
"–û—Ç–ª–∏—á–Ω—ã–π –∫–æ–∫–æ—Å. –í–∫—É—Å–Ω—ã–π. –ú–æ–ª–æ–∫–∞ –º–Ω–æ–≥–æ, –ø—Ä–æ–∑—Ä–∞—á–Ω–æ–µ. –ù–∏–∫–∞–∫–æ–π –ø–ª–µ—Å–µ–Ω–∏ –∏ –∑–∞–ø–∞—Ö–∞ –Ω–µ—Ç. –ù–µ —É–¥–∞–ª–æ—Å—å –æ—Ç–∫—Ä—ã—Ç—å —Ç—Ä—É–±–æ—á–∫–æ–π, –º—É–∂ —Å–≤–µ—Ä–ª–∏–ªüòÖ
–ü—Ä–æ–¥—É–∫—Ç–æ–º –æ—á–µ–Ω—å –¥–æ–≤–æ–ª—å–Ω–∞üòã",1,1,1
"–°–ª–∞–¥–∫–∏–µ, –±–µ–∑ –∫–æ—Å—Ç–æ—á–µ–∫ –º–∞–Ω–¥–∞—Ä–∏–Ω—ã.",1,1,1
–ü–æ –ó–¶ –Ω—É–∂–Ω–æ –±—ã—Å—Ç—Ä–æ —Å—ä–µ–¥–∞—Ç—å –í–∫—É—Å–Ω—ã–µ,1,1,1
"–°–æ—á–Ω—ã–µ , —Ö—Ä—É—Å—Ç—è—â–∏–µ",1,0,1
–ù–µ –≤–∫—É—Å–Ω—ã–π,0,0,0
"–≠—Ç–æ –Ω–µ –∫–∞—Ä—Ç–æ—Ñ–µ–ª—å, –∞ –ø—Ä–æ—Å—Ç–æ —É–∂–∞—Å! –†–∞–∑–≤–∞—Ä–∏–≤–∞–µ—Ç—Å—è –¥–æ —Å–æ—Å—Ç–æ—è–Ω–∏—è –∂–µ–ª–µ. –°–ª–∞–¥–∫–∏–π. –ö–∞—á–µ—Å—Ç–≤–æ –ø—Ä–æ—Å—Ç–æ –∂–µ—Å—Ç—å!",0,0,0
"–î–∞. –í –±–µ–ª–æ–º –∏—Å–ø–æ–ª–Ω–µ–Ω–∏–∏ (–º–µ—à–æ—á–∫–µ) –ø–æ–º–µ–Ω—å—à–µ –∫–æ–∫–æ—Å –∏ —Ç—Ä—É–¥–Ω–µ–µ –µ–≥–æ –ø—Ä–æ—Ç–∫–Ω—É—Ç—å –∏–∑-–∑–∞ –æ—Å—Ç–∞–≤—à–µ–π—Å—è –º–æ—Ö–Ω–∞—Ç–∫–∏, —Å–æ–æ—Ç–≤–µ—Ç—Å—Ç–≤–µ–Ω–Ω–æ –ø—Ä–∞–∫—Ç–∏—á–µ—Å–∫–∏ –Ω–µ–≤–æ–∑–º–æ–∂–Ω–æ —Ä–∞–∑–¥–µ–ª–∏—Ç—å, —á—Ç–æ–±—ã —Å—ä–µ—Å—Ç—å –æ—Ä–µ—Ö.",0,0,1
"–ö–∏—Å–ª—ã–µ, –Ω–µ –¥–æ–∑—Ä–µ–ª–∏. –ù–µ–¥–µ–ª—é –Ω–∞–∑–∞–¥ –±—Ä–∞–ª–∞ –±—ã–ª–∏ –æ—á–µ–Ω—å –≤–∫—É—Å–Ω—ã–µ –∫–∏—Å–ª–æ-—Å–ª–∞–¥–∫–∏–µ.",1,1,0
–ñ–µ—Å—Ç–∫–∏–µ –±—É–¥—Ç–æ –∏–º —É–∂–µ –º–Ω–æ–≥–æ –º–µ—Å—è—Ü–µ–≤,0,0,0
–í–∫—É—Å–Ω–∞—è –≥—Ä—É—à–∞.,1,1,1
–°–æ–≤—Å–µ–º –±–µ–∑–≤–∫—É—Å–Ω–∞—è(((,0,1,0
"–ö–∞–ø—É—Å—Ç–∞ –∑–µ–ª–µ–Ω–∞—è, –≤–∫—É—Å –≥–æ—Ä—å–∫–∏–π",1,0,0
–£–∂–∞—Å–Ω–æ –Ω–µ–≤–∫—É—Å–Ω—ã–µ —Å—Ç–∞—Ä—ã–µ —è–±–ª–æ–∫–∏,0,0,0
"–ü–æ–ª–æ–≤–∏–Ω–∞ –∫—Ä—É–ø–Ω–∞—è –∏ —Ö–æ—Ä–æ—à–∞—è, –Ω–æ –≤—Ç–æ—Ä–∞—è –ø–æ–ª–æ–≤–∏–Ω–∞ –º–µ–ª–æ—á—å, —É–∂–µ –ø–æ–¥–≤—è–≤—à–∞—è –∏ —Å–º–æ—Ä—â–µ–Ω–Ω–∞—è. –£–ø–∞–∫–æ–≤–∫–∞ –±–µ–∑ –Ω–∞–∫–ª–µ–µ–∫ –ø—Ä–æ–∏–∑–≤–æ–¥–∏—Ç–µ–ª—è, –∫–∞–∫ –Ω–∞ —Ñ–æ—Ç–æ, —Ç–æ–ª—å–∫–æ –Ω–∞–∫–ª–µ–π–∫–∞ –≤–∫—É—Å–≤–∏–ª–∞ –Ω–∞ –ø—Ä–æ–∑—Ä–∞—á–Ω–æ–º –∫–æ–Ω—Ç–µ–π–Ω–µ—Ä–µ. –û—â—É—â–µ–Ω–∏–µ, —á—Ç–æ —Å –∫–∞–∂–¥—ã–º —Ä–∞–∑–æ–º –≥–æ–ª—É–±–∏–∫–∏ –≤—Å–µ –º–µ–Ω—å—à–µ –∏ –æ–Ω–∞ –≤—Å–µ —Ö—É–∂–µ.",0,0,0
"–†–∞–Ω—å—à–µ –≤—Å–µ–≥–¥–∞ –ø–æ–∫—É–ø–∞–ª–∞ —ç—Ç–æ—Ç –∫–∞—Ä—Ç–æ—Ñ–µ–ª—å –∏ –≤—Å–µ –±—ã–ª–æ —Ö–æ—Ä–æ—à–æ, –≤ —ç—Ç–æ—Ç —Ä–∞–∑ –ø–æ—á—Ç–∏ –≤–µ—Å—å –±—ã–ª –∑–µ–ª–µ–Ω—ã–π (—Å–æ–ª–æ–Ω–∏–Ω –≤—Ä–æ–¥–µ –≤—ã—Ä–∞–±–æ—Ç–∞–ª—Å—è) –ø—Ä–∏—à–ª–æ—Å—å –≤—ã–∫–∏–Ω—É—Ç—å, –∂–¥—É —Å–ª–µ–¥—É—é—â—É—é –ø–∞—Ä—Ç–∏—é, –º–æ–∂–µ—Ç –±—É–¥–µ—Ç –ª—É—á—à–µ",0,0,0
–ë—ã–ª–∞ —Å–æ–≤—Å–µ–º –Ω–µ —Å–ª–∞–¥–∫–æ–π,0,0,0
–ö–∏—Å–ª–æ–≤–∞—Ç–∞—è –∫–ª—É–±–Ω–∏–∫–∞. –ß–µ—Ä–µ–∑ —è–≥–æ–¥—É –ø–æ–ø–∞–¥–∞–µ—Ç—Å—è –Ω–µ–¥–æ–∑—Ä–µ–ª–∞—è,1,0,0
–°–æ—á–Ω–æ –∏ –≤–∫—É—Å–Ω–æ,1,1,1
–ü–æ—Ç—Ä—è—Å–∞—é—â–∏–µ,1,1,1
–ù–µ —Å–ø–µ–ª–∞—è —Å–æ–≤—Å–µ–º,0,0,0
"–®–∏–∫–∞—Ä–Ω–∞—è –∫–∞–ø—É—Å—Ç–∞, —Å–æ—á–Ω–∞—è!!!",1,1,1
"–í —ç—Ç–æ—Ç —Ä–∞–∑ –Ω–µ –ø–æ–≤–µ–∑–ª–æ: –¥—ã–Ω—è –ø–µ—Ä–µ–±—Ä–æ–¥–∏–≤—à–∞—è –±–ª–∏–∂–µ –∫ —Å–µ—Ä–µ–¥–∏–Ω–∫–µ –∏ –∫–∞—Ä—Ç–æ–Ω–Ω–∞—è –±–ª–∏–∂–µ –∫ –∫–æ—Ä–æ—á–∫–µ. –≠—Ç–æ —Ç–æ—á–Ω–æ –Ω–µ —Ç–æ, —á–µ–≥–æ –æ–∂–∏–¥–∞–µ—à—å –∑–∞ —ç—Ç—É —Å—Ç–æ–∏–º–æ—Å—Ç—å.",0,0,0
"–í–æ –í–∫—É—Å–≤–∏–ª–ª –±—ã–ª–∏ –æ—á–µ–Ω—å –≤–∫—É—Å–Ω—ã–µ —Å–ª–∞–¥–∫–∏–µ –±–∞–Ω–∞–Ω—ã - —Å–µ–π—á–∞—Å —Ç–æ –≥–Ω–∏–ª—ã–µ, –Ω–µ –Ω–µ–∑—Ä–µ–ª—ã–µ, –∫–æ—Ç–æ—Ä—ã–µ –¥–∞–∂–µ –ø–æ—á–∏—Å—Ç–∏—Ç—å –Ω–µ–≤–æ–∑–º–æ–∂–Ω–æ –∏ —Ö—Ä—É—Å—Ç—è—Ç –∫–∞–∫ –æ–≥—É—Ä—Ü—ã. –ü—Ä–∏ —Ç–∞–∫–æ–π —Å—Ç–æ–∏–º–æ—Å—Ç–∏ —ç—Ç–æ –ø—Ä–µ—Å—Ç—É–ø–ª–µ–Ω–∏–µ. –ë–µ–∑–≤–∫—É—Å–Ω—ã–µ. –ö–∞–∂–µ—Ç—Å—è, –Ω—É–∂–Ω–∞ –∑–∞–º–µ–Ω–∞ –ø–æ—Å—Ç–∞–≤—â–∏–∫–æ–≤.",0,0,0
–∏–Ω–æ–≥–¥–∞ –∑–µ–ª–µ–Ω–æ–≤–∞—Ç—ã–π-–Ω–∞—Ä—É—à–µ–Ω—ã —É—Å–ª–æ–≤–∏—è —Ö—Ä–∞–Ω–µ–≥–∏—è,0,0,1
–°–∞–º—ã–µ –≤–∫—É—Å–Ω—ã–µ –±–∞–Ω–∞–Ω—ã!,1,1,1
"–û—á–µ–Ω—å –≤–∫—É—Å–Ω–∞—è –∫–ª—É–±–Ω–∏–∫–∞, –ø–æ—á—Ç–∏ –∫–∞–∫ —Å –≥—Ä—è–¥–∫–∏!",1,1,1
"–û—á–µ–Ω—å –≤–∫—É—Å–Ω–∞—è –∏ —Å–æ—á–Ω–∞—è –≥—Ä—É—à–∞, –Ω–æ –Ω–µ–æ–±—Ö–æ–¥–∏–º–æ, —á—Ç–æ –±—ã –ø–æ–ª–µ–∂–∞–ª–∞ –ø–∞—Ä—É –¥–Ω–µ–π. –ó–∞ –ø–∞—Ä—É –¥–Ω–µ–π –æ–Ω–∞ –¥–æ–∑—Ä–µ–≤–∞–µ—Ç –∏ —Å—Ç–∞–Ω–æ–≤–∏—Ç—Å—è –º—è–≥–∫–æ–π –∏ –∂–µ–ª—Ç–æ–π",1,1,1
–°–ª–∞–¥–∫–∏–π,1,1,1
"–ö–∏—Å–ª—ã–π –∏ –Ω–µ –∞—Ä–æ–º–∞—Ç–Ω—ã–π —Å–æ–≤—Å–µ–º, –≤–∫—É—Å–∞ –∏ –∑–∞–ø–∞—Ö–∞ –∞–Ω–∞–Ω–∞—Å–∞ –Ω–µ—Ç, —Å–∏–ª—å–Ω–æ –æ–±–∂–∏–≥–∞–µ—Ç —è–∑—ã–∫ –∏–∑-–∑–∞ –∫–∏—Å–ª–æ—Ç–Ω–æ—Å—Ç–∏",0,0,0
"–ö–∏—Å–ª—ã–π, –º–µ—Å—Ç–∞–º–∏ –∏—Å–ø–æ—Ä—á–µ–Ω",0,0,0
"–û—Ç–ª–∏—á–Ω—ã–µ –º–∞–Ω–¥–∞—Ä–∏–Ω—ã. –¢–æ–ª—å–∫–æ —á—Ç–æ –ø—Ä–∏–≤–µ–∑–ª–∏. –û—á–µ–Ω—å —Å–æ—á–Ω—ã–µ. –°–ª–∞–¥–∫–∏–µ, –Ω–æ –Ω–µ –ø—Ä–∏—Ç–æ—Ä–Ω—ã–µ. –ö–æ–∂–∏—Ü–∞ —Ä—ã—Ö–ª–∞—è, –ø—Ä–µ–∫—Ä–∞—Å–Ω–æ —á–∏—Å—Ç–∏—Ç—Å—è. –ö–æ—Å—Ç–æ—á–µ–∫ –Ω–µ—Ç. –†–µ–∫–æ–º–µ–Ω–¥—É—é.",1,1,1
–ù–∞ —Ñ–æ—Ç–æ –∫—Ä–∞—Å–∏–≤—ã–µ –∞ –ø—Ä–∏–≤–æ–∑—è—Ç –ø–æ–ª—É–∑–µ–ª–µ–Ω—ã–µ,0,0,0
–í–∫—É—Å–Ω—ã–π —Å–æ—á–Ω—ã–π –ø–µ—Ä–µ—Ü,1,1,1
–ö–∞–∫ –±—É–º–∞–≥–∞ –º–µ—Å—Ç–∞–º–∏ —Å—É—Ö–∏–µ,0,0,0
"–ì—Ä—É—à–∞ —Ç–≤–µ—Ä–¥—É—â–∞—è,—Å–ª–∞–±–æ—Å–ª–∞–¥–µ–Ω—å–∫–∞—è,–ø—Ä–∞–∫—Ç–∏—á–µ—Å–∫–∏ –±–µ–∑–≤–∫—É—Å–Ω–∞—è.",0,0,0
"–î—ã–Ω—é –ø—Ä–∏—Å–ª–∞–ª–∏ –±–∏—Ç—É—é, –ø–æ—Ä—á–µ–Ω—É—é, –Ω–µ—Å–º–æ—Ç—Ä—è –Ω–∞ –∫–æ–º–º–µ–Ω—Ç–∞—Ä–∏–π. –ù–∞ –≤–∫—É—Å –ø—Ä–æ—Å—Ç–æ –∫–∏—Å–ª–∞—è.",0,0,0
—Å–∞–º–∞—è —Ö—É–¥—à–∞—è –∫–∞—Ä—Ç–æ—à–∫–∞ —ç–≤–µ—Ä,0,0,0
"–ë–∞–Ω–∞–Ω—ã, –æ–Ω–∏ –≤–µ–∑–¥–µ –±–∞–Ω–∞–Ω—ã)",0,0,1
"–ù–µ—Å–∫–æ–ª—å–∫–æ —Ä–∞–∑ –∑–∞–∫–∞–∑—ã–≤–∞–ª–∏, –ø—Ä–∏—Ö–æ–¥–∏–ª–∏ —á—É–¥–µ—Å–Ω—ã–µ —Å–ª–∞–¥–∫–∏–µ —Å–æ—á–Ω—ã–µ —Å–ª–∏–≤—ã. –ê —Å–µ–≥–æ–¥–Ω—è, –∫ —Å–æ–∂–∞–ª–µ–Ω–∏—é, —Å–ª–∏–≤—ã –ø—Ä–∏—à–ª–∏ –∫—Ä—É–ø–Ω–µ–µ –æ–±—ã—á–Ω–æ–≥–æ, –Ω–æ –¥—É–±–æ–≤—ã–µ - —Ç–≤–µ—Ä–¥—ã–µ –∏ —Å–æ–≤—Å–µ–º –Ω–µ —Å–ª–∞–¥–∫–∏–µ.",0,1,0
–°–ª–∞–¥–∫–∏–µ. –ò–Ω–æ–≥–¥–∞ —Å—É—Ö–æ–≤–∞—Ç—ã–µ. –ù–µ —Å–º–µ—Ä—Ç–µ–ª—å–Ω–æ.,0,1,1
"–ù–µ —Å–∞–º—ã–µ –≤–∫—É—Å–Ω—ã–µ. –°–ª–∞–¥–∫–∏–µ, –∫–æ—Å—Ç–æ—á–µ–∫ –º–∞–ª–æ. –ù–æ —É–∂–µ —Å—É—Ö–æ–≤–∞—Ç—ã, —Ç–∞–∫–æ–µ –≤–ø–µ—á–∞—Ç–ª–µ–Ω–∏–µ, —á—Ç–æ –¥–æ–ª–≥–æ –ª–µ–∂–∞–ª–∏.",0,0,1
"–ë–∞–Ω–∞–Ω—ã –≤ –ø–µ—Ä–≤—ã–π –¥–µ–Ω—å –≤–∫—É—Å–Ω—ã–µ ,–Ω–æ —á—Ç–æ —Å –Ω–∏–º–∏ —Å—Ç–∞–Ω–æ–≤–∏—Ç—Å—è –Ω–∞ —Å–ª–µ–¥—É—é—â–∏–π –¥–µ–Ω—å –Ω–µ–ø–æ–Ω—è—Ç–Ω–æ ,—á–µ—Ä–Ω–µ—é—Ç ,–≤–Ω—É—Ç—Ä–∏ –ø—è—Ç–Ω–∞ –∏ –≤–∫—É—Å –Ω–µ —Ç–æ—Ç —É–∂–µ",0,0,0
–û—á–µ–Ω—å —á–∞—Å—Ç–æ –ø–æ–ø–∞–¥–∞—é—Ç—Å—è –≥–Ω–∏–ª—ã–µ,0,0,0
–í–∫—É—Å–Ω—ã–π –±–µ–∑ –∫–æ—Å—Ç–æ—á–µ–∫,1,1,1
"–ö—Ä–µ–ø–∫–∞—è, —Ö–æ—Ä–æ—à–∞—è –∫–∞–ø—É—Å—Ç–∞",1,1,1
–ù–µ –≤–∫—É—Å–Ω–∞—è –∏ –Ω–µ –¥–æ–∑—Ä–µ–ª–∞—è!,0,0,0
"–ê–≤–æ–∫–∞–¥–æ –Ω–µ —Å—ä–µ–¥–æ–±–Ω–æ–µ, –Ω–µ –∑—Ä–µ–ª–æ–µ, –∂–µ—Å—Ç–∫–æ–µ, —Ç—Ä—É–¥–Ω–æ —Ä–∞–∑—Ä–µ–∑–∞—Ç—å",0,0,0
"–í–∏–Ω–æ–≥—Ä–∞–¥ —Å –∫–∏—Å–ª–∏–Ω–∫–æ–π, —Å–æ–≤—Å–µ–º –Ω–µ —Å–ª–∞–¥–∫–∏–π. –õ–∏–±–æ –ø–µ—Ä–µ–ø—É—Ç–∞–ª–∏ —Å–æ—Ä—Ç.–ù–∞ —Ñ–æ—Ç–æ –≤–∏–Ω–æ–≥—Ä–∞–¥–∏–Ω–∫–∏ –∫—Ä—É–≥–ª—ã–µ, –∞ –¥–æ—Å—Ç–∞–≤–∏–ª–∏ –ø—Ä–æ–¥–æ–ª–≥–æ–≤–∞—Ç—ã–µ.",0,0,0
"–°–æ—á–Ω—ã–µ, —à–∫—É—Ä–∫–∞ –∂—É–µ—Ç—Å—è, –Ω–µ—Ç –±–ª–µ—Å–∫–∞ –≤–æ—Å–∫–∞.",0,0,1
"–ó–∞–º—ã–π –≤–∫—É—Å–Ω—ã–π –∫–æ–∫–æ—Å!!! –º–æ–ª–æ–∫–∞ –∫–∞–∫ –±—É–¥—Ç–æ 2 –ª–∏—Ç—Ä–∞. –°–æ–≤–µ—Ç—É—é!!
–ü—Ä–∏–≤–æ–∑–∏—Ç–µ –±–æ–ª—å—à–µ!!!!!!!! üëç",1,1,1
"–ì—Ä—É—à–∏ –æ–±–∞–ª–¥–µ–Ω–Ω—ã–µ. –°–æ—á–Ω–µ–π—à–∏–µ, –≤–∫—É—Å–Ω–µ–π—à–∏–µ. –î–∞–π—Ç–µ —Ç–æ–ª—å–∫–æ –∏–º –ø–æ–ª–µ–∂–∞—Ç—å –Ω–∞ –æ–∫–æ—à–∫–µ –ø–∞—Ä—É-—Ç—Ä–æ–π–∫—É –¥–Ω–µ–π. –ë–µ—Ä—É –∏—Ö –≤—Å—é –≤–µ—Å–Ω—É, –æ–±—ä–µ–¥–µ–Ω–∏–µ üíö",1,1,1
–í–æ–¥—è–Ω–∞—è,0,0,0
–ñ—ë–ª—Ç–æ-–∑–µ–ª—ë–Ω—ã–π. –ü–æ –≤–∫—É—Å—É - —Ç—Ä–∞–≤–∞.,1,0,0
–í–∫—É—Å–Ω—ã–π –∏ –∫—Ä—É–ø–Ω—ã–π –∞–ø–µ–ª—å—Å–∏–Ω,1,1,1
–ù–∞ –≤–∫—É—Å –∏ –ø–æ –∫–æ–Ω—Å–∏—Å—Ç–µ–Ω—Ü–∏–∏ - –∫–∞–∫ –≤–∞—Ç–∞!,1,1,0
"–ü—Ä–∏–≤–µ–∑–ª–∏ —Å–µ—Ä–æ-–±–µ–ª—ã–π –∞–Ω–∞–Ω–∞—Å, –æ–¥–Ω–∞ –¥–æ–ª—å–∫–∞ –∂–µ–ª—Ç–∞—è. –ù–µ–±–æ–ª—å—à–∏–µ –≤–∫—Ä–∞–ø–ª–µ–Ω–∏—è —Ç–æ–∂–µ –∂–µ–ª—Ç—ã–µ, –±—É–¥—Ç–æ –≤—Å–µ –≤—ã–º–∞—á–∏–≤–∞–ª–∏, –∞ –Ω–∞ –Ω–∏—Ö —Å–æ—Ö—Ä–∞–Ω–∏–ª—Å—è –ø—Ä–µ–∂–Ω–∏–π —Ü–≤–µ—Ç. –ù–∏ –≤–∫—É—Å–∞ –Ω–∏ —Ç–µ–º –±–æ–ª–µ–µ –∞—Ä–æ–º–∞—Ç–∞ –Ω–µ—Ç —Å–æ–≤—Å–µ–º, —Å–∫–æ—Ä–µ–µ, –Ω–µ–ø—Ä–∏—è—Ç–Ω—ã–π, –º—ã–ª—å–Ω–æ-–∫–∏—Å–ª—ã–π. –ü–ª–æ—Ö–∏–µ –æ–≥—É—Ä—Ü—ã –ª—É—á—à–µ –Ω–∞ –≤–∫—É—Å —Ç–∞–∫–æ–≥–æ –∞–Ω–∞–Ω–∞—Å–∞. –¢–∞–∫–æ–π –Ω–µ–ø–æ–Ω—è—Ç–Ω—ã–π –ø—Ä–æ–¥—É–∫—Ç –µ—Å—Ç—å –æ–ø–∞—Å–Ω–æ. –§–∏—Ä–º–∞ ""–í–∫—É—Å–Ω—ã–µ –∏—Å—Ç–æ—Ä–∏–∏"" –ø—Ä–æ–¥–∞–µ—Ç –º—É—Å–æ—Ä. –¢–∞–∫ –∫–∞–∫ —Ç–æ–ª—å–∫–æ —Å—É—Ç–∫–∏ —Å –¥–∞—Ç—ã —É–ø–∞–∫–æ–≤–∫–∏, –∑–Ω–∞—á–∏—Ç, —Ç–∞–∫–æ–µ –æ–Ω–∏ –∏ –ø–ª–∞–Ω–∏—Ä–æ–≤–∞–ª–∏ –ø—Ä–æ–¥–∞—Ç—å.",0,0,0
–í—è–ª–æ–≤–∞—Ç—ã–π ),1,1,1
–í–∫—É—Å–Ω—ã–µ –±–∞–Ω–∞–Ω—ã,1,1,1
"–•—Ä—É—Å—Ç—è—â–∏–µ –±–∞–Ω–∞–Ω—ã, –∫–æ—Ç–æ—Ä—ã–µ –µ—â—ë –∏ –≤—è–∂—É—Ç",0,0,0
"–£–∂–∞—Å–Ω–∞—è –∫–ª—É–±–Ω–∏–∫–∞
–ù–µ —Å–ª–∞–¥–∫–∞—è
–í–Ω—É—Ç—Ä–∏ —Å–≤–µ—Ç–ª–∞—è –∏ –ø—É—Å—Ç–∞—è
1/4 —á–∞—Å—Ç—å –ø–æ—Ä—á–µ–Ω–Ω–∞—è
–Ø –≤ —à–æ–∫–µ
–ï—Å–ª–∏ –±—ã –ø–æ–∫—É–ø–∞–ª–∞ —Ä—è–¥–æ–º —Å –¥–æ–º–æ–º –æ—Ç–Ω–µ—Å–ª–∞ –±—ã –æ–±—Ä–∞—Ç–Ω–æ",0,0,0
"–æ–±—ã—á–Ω—ã–π, —Å–≤–µ–∂–∏–π, —Ö–æ—Ä–æ—à–∏–π –ª—É–∫",1,1,1
–ù–µ —Å–æ—á–Ω—ã–π. –°—É—Ö–æ–π.,0,0,0
"–ö—Ä–µ–ø–∫–∞—è —Ö—Ä—É—Å—Ç—è—â–∞—è –≥—Ä—É—à–∞( –ø–æ—Ä–∞–±–æ—Ç–∞—Ç—å —á–µ–ª—é—Å—Ç—è–º–∏ –ø—Ä–∏–¥—ë—Ç—Å—è , –Ω–æ —è –ª—é–±–ª—é –ø–æ—Ö—Ä—É—Å—Ç–µ—Ç—å ) –Ω–µ —Å–æ—á–Ω–∞—è –∏ –Ω–µ –≤–∞—Ç–∞ , –¥–æ—Å—Ç–∞—Ç–æ—á–Ω–æ —Å–ª–∞–¥–∫–∞—è, –ø–æ—ç—Ç–æ–º—É –≥—Ä—É—à–∞ –ö—Å–µ–Ω–∏—è –º–Ω–µ –ø–æ–Ω—Ä–∞–≤–∏–ª–∞—Å—å –±–æ–ª—å—à–µ —á–µ–º —ç—Ç–∞, —Ç–∞–∫ –∫–∞–∫ –≤–∏–ª—å—è–º—Å –æ—Å—Ç–∞–≤–ª—è–µ—Ç –ø–æ—Å–ª–µ–≤–∫—É—Å–∏–µ –¥—é—à–µ—Å–∞ –≤–æ —Ä—Ç—É, –∞ —è –Ω–µ –æ—á –ª—é–±–ª—é –¥–æ–ª–≥–æ–µ –ø–æ—Å–ª–µ–≤–∫—É—Å–∏–µ, —Å—å–µ–¥–µ–Ω–Ω–æ–≥–æ –º–Ω–æ—é –ø—Ä–æ–¥—É–∫—Ç–∞ : —Ñ—Ä—É–∫—Ç–∞ –æ–≤–æ—â–∞ –∏ —Ç–¥ , –Ω–µ –≤–∞–∂–Ω–æ —á—Ç–æ —ç—Ç–æ –±—ã–ª–æ))",1,0,1
–ö–∞–ø—É—Å—Ç–∞ —Å—É—Ö–∞—è ( –Ω–µ —Å–æ—á–Ω–∞—è),0,0,1
–û—á–µ–Ω—å –≤–∫—É—Å–Ω—ã–µ –±–∞–Ω–∞–Ω—ã –æ—Ç –¢–°–ë –°–ï–í–ï–†,1,1,1
"–°–ª–∞–¥–∫–∏–µ, —Å–ø–µ–ª—ã–µ , —Å–æ—á–Ω—ã–µ",1,1,1
–û—Ç–ª–∏—á–Ω–æ,1,1,1
–í–∫—É—Å–Ω–∞—è –∏ —Å–ª–∞–¥–∫–∞—è –∫–ª—É–±–Ω–∏–∫–∞ üçì,1,1,1
"–ù–æ—Ä–º–∞–ª—å–Ω–∞—è –∫–∞—Ä—Ç–æ—à–∫–∞, —Å —É—á–µ—Ç–æ–º, —á—Ç–æ —Å–µ–π—á–∞—Å –≤–µ—Å–Ω–∞ –∏ –∫–∞—Ä—Ç–æ—Ñ–µ–ª—å –≤ —ç—Ç–æ –≤—Ä–µ–º—è –≥–æ–¥–∞ –≤—Å–µ–≥–¥–∞ –Ω–µ —Ç–∞–∫–æ–π –∫–∞–∫ –æ—Å–µ–Ω—å—é",1,0,1
–ö–∏—Å–ª—ã–π- –≤—ã—Ä–≤–∏ –≥–ª–∞–∑! –í–∏–Ω–æ–≥—Ä–∞–¥ —Å–æ–≤–µ—Ä—à–µ–Ω–Ω–æ –Ω–µ—Å–ø–µ–ª—ã–π,0,0,0
–£–∂–∞—Å–Ω—ã–π –≥–æ—Ä—å–∫–∏–π –≤–∫—É—Å. –ï—Å—Ç—å –ø—Ä–æ—Å—Ç–æ –Ω–µ–≤–æ–∑–º–æ–∂–Ω–æ. –ü–æ—Ç—Ä–∞—á–µ–Ω–Ω—ã–µ –∑—Ä—è –¥–µ–Ω—å–≥–∏,0,0,0
"–ß—É—Ç—å —Å–ª–∞–¥–∫–∏–µ, –Ω–æ –Ω–µ–º–Ω–æ–≥–æ —Å—É—Ö–æ–≤–∞—Ç—ã",1,1,1
–ö–∞—Ä—Ç–æ—Ñ–µ–ª—å –≤–∫—É—Å–Ω—ã–π. –ó–∞–∫–∞–∑—ã–≤–∞–ª–∏ –¥–ª—è –¥–∞—á–∏. –ó–∞–ø–µ–∫–∞–ª–∏ –Ω–∞ —É–≥–ª—è—Ö.,1,0,1
